"00:02:44,760","00:02:45,886
", ,CHARLIE

"00:02:45,928","00:02:47,930
", ,JOHN BRIDGER

"00:02:48,014","00:02:50,808
", ,STELLA

"00:02:50,891","00:02:52,143
", ,CHARLIE

"00:02:52,268","00:02:53,811
", ,STELLA  

"00:02:53,894","00:02:56,439
", ,JOHN BRIDGER

"00:02:56,522","00:02:59,150
", ,STELLA

"00:02:59,233","00:03:00,359
", ,CHARLIE

"00:03:00,443","00:03:02,236
", ,JOHN BRIDGER

"00:03:03,321","00:03:05,531
", ,STELLA

"00:03:05,615","00:03:09,452
", ,JOHN BRIDGER

"00:03:11,704","00:03:13,122
", ,CHARLIE

"00:03:13,164","00:03:14,832
", ,JOHN BRIDGER

"00:03:14,915","00:03:17,335
",long,JOHN BRIDGER

"00:03:17,418","00:03:19,879
", ,JOHN BRIDGER

"00:03:22,923","00:03:25,301
", ,STELLA

"00:03:25,384","00:03:27,637
", ,STEVE

"00:03:27,720","00:03:29,764
", ,JOHN BRIDGER

"00:03:29,847","00:03:32,642
", ,JOHN BRIDGER

"00:03:32,725","00:03:34,352
", ,STELLA

"00:03:34,435","00:03:35,561
",break,STELLA

"00:03:35,645","00:03:37,229
", ,STELLA

"00:03:37,313","00:03:40,066
", ,JOHN BRIDGER

"00:03:41,859","00:03:43,569
", ,RECEPTIONIST

"00:03:43,653","00:03:45,321
",on,CHRISTINA GRIEGO

"00:03:45,404","00:03:48,824
", ,RECEPTIONIST

"00:03:48,866","00:03:49,992
", ,JOHN BRIDGER

"00:03:50,076","00:03:51,661
", ,JOHN BRIDGER

"00:03:51,744","00:03:53,162
", ,STELLA

"00:03:58,334","00:03:59,460
", ,JOHN BRIDGER

"00:04:06,175","00:04:07,593
", ,JOHN BRIDGER

"00:04:07,677","00:04:09,220
", ,STEVE

"00:04:09,303","00:04:10,513
", ,JOHN BRIDGER

"00:04:10,596","00:04:11,764
", ,YEVHEN

"00:04:11,847","00:04:13,099
", ,YEVHEN

"00:04:13,182","00:04:14,517
", ,LYLE

"00:04:14,600","00:04:16,102
", ,CHARLIE

"00:04:16,185","00:04:17,395
", ,CHARLIE

"00:04:17,478","00:04:19,397
", ,JOHN BRIDGER

"00:04:19,480","00:04:21,065
", ,JOHN BRIDGER

"00:04:21,148","00:04:22,316
", ,JOHN BRIDGER

"00:04:22,358","00:04:23,401
", ,JOHN BRIDGER

"00:04:23,484","00:04:24,986
", ,JOHN BRIDGER

"00:04:25,027","00:04:27,196
", ,LYLE

"00:04:28,531","00:04:30,074
", ,HANDSOME ROB

"00:04:30,157","00:04:32,410
",up,RICHARD

"00:04:32,493","00:04:33,411
", ,STELLA

"00:04:33,494","00:04:35,454
", ,JOHN BRIDGER

"00:04:42,878","00:04:44,672
", ,JOHN BRIDGER

"00:04:45,715","00:04:47,466
",get up,CHARLIE

"00:04:47,550","00:04:49,135
", ,CHARLIE

"00:04:49,218","00:04:50,344
", ,JOHN BRIDGER

"00:04:50,386","00:04:51,345
", ,RICHARD

"00:04:51,387","00:04:52,805
", ,CHARLIE

"00:04:52,888","00:04:54,849
",out retirement,CHARLIE

"00:04:54,890","00:04:56,559
", ,RICHARD

"00:04:56,642","00:04:59,228
", ,STEVE

"00:04:59,312","00:05:01,856
",along,JOHN BRIDGER

"00:05:01,897","00:05:03,441
", ,MASHKOV

"00:05:03,524","00:05:04,609
", ,HOMEBOY

"00:05:04,692","00:05:06,652
",get position,CHARLIE

"00:05:06,736","00:05:08,613
",means work,CHARLIE

"00:05:08,696","00:05:09,905
", ,STELLA

"00:05:09,989","00:05:11,866
", ,CHARLIE

"00:05:11,907","00:05:13,659
", ,CHARLIE

"00:05:15,828","00:05:18,581
", ,MASHKOV

"00:05:18,664","00:05:20,082
", ,STELLA

"00:05:20,166","00:05:21,417
",on,STEVE

"00:05:21,500","00:05:22,418
",on,LYLE

"00:05:22,501","00:05:23,836
", ,STELLA

"00:05:34,513","00:05:35,431
",on,LYLE

"00:05:35,514","00:05:36,641
", ,CHARLIE

"00:05:36,724","00:05:38,100
", ,JOHN BRIDGER

"00:05:38,184","00:05:39,560
", ,JOHN BRIDGER

"00:05:39,602","00:05:40,811
", ,JOHN BRIDGER

"00:05:40,895","00:05:42,104
", ,JOHN BRIDGER

"00:05:42,188","00:05:43,314
",out,STELLA

"00:05:43,397","00:05:47,109
", ,STELLA

"00:05:48,527","00:05:50,780
",friend,CHARLIE

"00:05:50,863","00:05:52,114
", ,HANDSOME ROB

"00:05:52,198","00:05:54,617
", ,HANDSOME ROB

"00:05:54,700","00:05:56,118
",along,LYLE

"00:05:56,202","00:05:57,411
", ,LYLE

"00:05:57,453","00:05:58,579
", ,LYLE

"00:05:58,663","00:05:59,747
", ,HANDSOME ROB

"00:05:59,789","00:06:00,790
", ,HANDSOME ROB

"00:06:00,873","00:06:01,916
", ,STEVE

"00:06:40,162","00:06:41,289
",set,HANDSOME ROB

"00:06:41,372","00:06:43,624
", ,CHARLIE

"00:06:43,666","00:06:45,084
", ,CHARLIE

"00:06:45,167","00:06:46,711
",roll,STELLA

"00:06:46,794","00:06:48,337
",position,LYLE

"00:06:48,421","00:06:49,380
", ,CHARLIE

"00:06:49,463","00:06:50,673
", ,CHARLIE

"00:06:50,756","00:06:52,466
",looking,RICHARD

"00:06:52,508","00:06:57,096
",work,OFFICE

"00:06:57,179","00:07:01,475
", ,JOHN BRIDGER

"00:07:01,559","00:07:03,728
", ,HANDSOME ROB

"00:07:03,811","00:07:05,521
",place,LYLE

"00:07:05,605","00:07:07,940
", ,CHARLIE

"00:07:08,024","00:07:10,067
", ,CHARLIE

"00:07:10,151","00:07:11,193
", ,RICHARD

"00:07:11,277","00:07:12,653
", ,STEVE

"00:07:12,695","00:07:15,072
", ,STEVE

"00:07:15,197","00:07:19,577
", ,JOHN BRIDGER

"00:08:07,792","00:08:08,751
", ,LYLE

"00:08:26,143","00:08:28,187
", ,STEVE

"00:08:36,195","00:08:37,905
",position,HANDSOME ROB

"00:08:37,947","00:08:39,448
", ,STELLA

"00:08:39,532","00:08:41,534
", ,STEVE

"00:08:41,617","00:08:45,413
", ,STEVE

"00:08:49,959","00:08:52,336
",out,RICHARD

"00:08:52,420","00:08:53,587
", ,JOHN BRIDGER

"00:08:57,091","00:08:58,259
", ,LYLE

"00:08:59,927","00:09:01,053
",going,LYLE

"00:09:01,137","00:09:03,055
",up,JOHN BRIDGER

"00:09:03,180","00:09:05,057
", ,JOHN BRIDGER

"00:09:08,853","00:09:09,812
", ,STEVE

"00:09:11,647","00:09:15,818
", ,LYLE

"00:09:15,901","00:09:17,069
", ,JOHN BRIDGER

"00:09:17,153","00:09:18,821
", ,STELLA

"00:09:18,904","00:09:20,448
", ,CHARLIE

"00:09:20,531","00:09:22,241
", ,LYLE

"00:09:23,618","00:09:24,619
", ,JOHN BRIDGER

"00:09:24,702","00:09:25,745
", ,RICHARD

"00:09:59,028","00:10:00,112
", ,RICHARD

"00:10:00,237","00:10:03,491
", ,HALF-EAR

"00:10:03,574","00:10:05,660
", ,STELLA

"00:10:05,743","00:10:07,954
",up,CHARLIE

"00:10:09,372","00:10:11,666
", ,CHARLIE

"00:10:37,566","00:10:38,943
", ,HANDSOME ROB

"00:10:41,195","00:10:42,113
", ,HANDSOME ROB

"00:10:43,406","00:10:45,908
",position,CHARLIE

"00:12:48,864","00:12:50,408
", ,PHILLY STEAK

"00:12:50,491","00:12:53,160
",way,STEVE

"00:12:53,244","00:12:54,829
", ,STELLA

"00:12:54,870","00:12:56,163
", ,CHARLIE

"00:14:15,993","00:14:18,829
",leave,STELLA

"00:14:53,739","00:14:54,782
", ,STELLA

"00:17:29,562","00:17:31,063
", ,STEVE

"00:17:34,817","00:17:37,486
", ,CHARLIE

"00:17:37,570","00:17:39,488
", ,CHARLIE

"00:17:39,572","00:17:40,531
", ,CHARLIE

"00:17:43,909","00:17:46,495
", ,RECEPTIONIST

"00:17:46,579","00:17:49,999
",gold,LYLE

"00:17:50,041","00:17:51,959
", ,JOHN BRIDGER

"00:17:52,001","00:17:53,628
", ,JOHN BRIDGER

"00:17:53,711","00:17:55,963
", ,STELLA

"00:17:56,005","00:17:57,048
", ,STEVE

"00:17:57,131","00:17:58,841
", ,STEVE

"00:17:58,924","00:18:00,635
", ,STEVE

"00:18:00,718","00:18:01,969
",on,STELLA

"00:18:02,011","00:18:03,763
", ,CHARLIE

"00:18:03,846","00:18:05,056
", ,LYLE

"00:18:05,181","00:18:06,474
",on,STEVE

"00:18:06,515","00:18:08,726
", ,MASHKOV

"00:18:08,809","00:18:10,519
", ,STELLA

"00:18:12,021","00:18:13,314
", ,SKINNY PETE

"00:18:13,397","00:18:15,274
",gold,YEVHEN

"00:18:17,276","00:18:18,611
",out,STEVE

"00:18:18,694","00:18:20,821
",get out,STEVE

"00:18:20,863","00:18:22,949
",getting,STELLA

"00:18:23,032","00:18:24,325
",lot,LYLE

"00:18:24,367","00:18:25,493
",lot money,STELLA

"00:18:25,534","00:18:27,286
", ,STEVE

"00:18:27,370","00:18:28,496
", ,CHARLIE

"00:18:28,579","00:18:30,081
", ,RICHARD

"00:18:30,164","00:18:32,333
",get,CHARLIE

"00:18:32,375","00:18:33,668
",lot,CHRISTINA GRIEGO

"00:18:33,709","00:18:35,753
",on,RICHARD

"00:18:35,836","00:18:37,505
",going get,JOHN BRIDGER

"00:18:37,588","00:18:40,383
", ,CHARLIE

"00:18:41,467","00:18:42,343
", ,HANDSOME ROB

"00:18:42,385","00:18:43,511
",big,JOHN BRIDGER

"00:18:43,552","00:18:45,763
", ,STELLA

"00:18:45,846","00:18:47,014
", ,STEVE

"00:18:48,599","00:18:51,102
",get,STELLA

"00:18:51,227","00:18:53,354
",going,JOHN BRIDGER

"00:18:53,396","00:18:54,897
", ,RICHARD

"00:18:54,939","00:18:56,524
",big,JOHN BRIDGER

"00:18:56,565","00:18:58,192
",get,CHARLIE

"00:18:58,276","00:18:59,568
", ,CHARLIE

"00:18:59,652","00:19:01,612
", ,HANDSOME ROB

"00:19:01,696","00:19:04,031
", ,LYLE

"00:19:04,198","00:19:05,908
", ,LYLE

"00:19:05,992","00:19:07,868
",on,STELLA

"00:19:07,910","00:19:08,869
", ,STEVE

"00:19:08,911","00:19:10,413
", ,STELLA

"00:19:12,081","00:19:13,708
", ,CHARLIE

"00:19:13,749","00:19:15,209
", ,CHARLIE

"00:19:15,251","00:19:16,294
", ,CHARLIE

"00:19:21,590","00:19:23,384
", ,CHARLIE

"00:19:23,426","00:19:25,636
",closed,JOHN BRIDGER

"00:19:25,720","00:19:28,055
", ,STELLA

"00:19:28,097","00:19:29,557
", ,RICHARD

"00:19:29,599","00:19:31,058
", ,JOHN BRIDGER

"00:19:31,100","00:19:32,393
", ,JOHN BRIDGER

"00:19:33,436","00:19:35,229
", ,STEVE

"00:19:35,271","00:19:38,399
", ,YEVHEN

"00:19:38,441","00:19:41,068
", ,RICHARD

"00:19:41,110","00:19:45,072
", ,CHARLIE

"00:19:45,114","00:19:47,074
", ,STELLA

"00:19:47,116","00:19:49,243
",out on,SECOND COP

"00:19:49,285","00:19:51,078
", ,JOHN BRIDGER

"00:19:51,120","00:19:53,581
", ,STELLA

"00:19:53,623","00:19:55,082
", ,STEVE

"00:19:55,124","00:19:58,753
", ,CHARLIE

"00:19:58,794","00:20:01,339
", ,JOHN BRIDGER

"00:20:01,422","00:20:05,343
",get,HANDSOME ROB

"00:20:05,426","00:20:09,388
", ,STELLA

"00:20:09,472","00:20:11,557
", ,STELLA

"00:20:11,641","00:20:14,644
", ,STELLA

"00:20:14,727","00:20:16,771
", ,CHARLIE

"00:20:16,812","00:20:19,106
", ,HANDSOME ROB

"00:20:19,148","00:20:21,108
",getting,CHARLIE

"00:20:21,150","00:20:22,610
", ,CHARLIE

"00:20:22,652","00:20:23,778
", ,STEVE

"00:20:25,154","00:20:26,447
", ,JOHN BRIDGER

"00:20:26,489","00:20:27,907
", ,STELLA

"00:20:27,990","00:20:30,451
", ,ALL OF THEM

"00:20:30,493","00:20:33,913
", ,CHARLIE

"00:20:42,129","00:20:45,299
", ,CHARLIE

"00:20:45,341","00:20:47,927
", ,JOHN BRIDGER

"00:20:48,010","00:20:55,142
",cash,CHARLIE

"00:20:55,309","00:20:58,688
", ,CHARLIE

"00:20:58,771","00:21:00,564
", ,LYLE

"00:21:00,648","00:21:02,275
", ,STEVE

"00:21:02,358","00:21:04,360
", ,JOHN BRIDGER

"00:21:04,443","00:21:06,529
", ,CHARLIE

"00:21:12,702","00:21:15,579
", ,STEVE

"00:21:15,663","00:21:17,164
", ,CHARLIE

"00:21:20,209","00:21:22,169
", ,CHARLIE

"00:21:25,965","00:21:26,632
", ,CHARLIE

"00:21:26,716","00:21:27,800
", ,MASHKOV

"00:21:27,883","00:21:28,509
", ,MASHKOV

"00:21:31,887","00:21:33,848
", ,CHARLIE

"00:21:39,228","00:21:40,062
", ,CHARLIE

"00:21:40,146","00:21:41,355
", ,ALL OF THEM

"00:21:41,397","00:21:42,356
", ,CHARLIE

"00:21:42,398","00:21:43,774
", ,STEVE

"00:21:47,069","00:21:49,447
", ,CHARLIE

"00:21:49,530","00:21:50,448
", ,JOHN BRIDGER

"00:21:50,531","00:21:51,741
", ,STELLA

"00:21:52,908","00:21:53,367
", ,LYLE

"00:23:37,680","00:23:40,766
", ,LYLE

"00:23:40,850","00:23:43,811
", ,HANDSOME ROB

"00:25:07,603","00:25:09,272
",work,FIRST COP

"00:25:09,355","00:25:12,024
", ,CHARLIE

"00:25:14,402","00:25:15,319
", ,CHARLIE

"00:25:15,403","00:25:17,071
", ,FIRST COP

"00:25:17,196","00:25:18,906
", ,SECOND COP

"00:25:18,990","00:25:20,241
", ,SECOND COP

"00:25:20,283","00:25:21,242
", ,STELLA

"00:25:21,284","00:25:22,285
", ,FIRST COP

"00:25:22,326","00:25:25,079
",break on,FIRST COP

"00:25:25,246","00:25:26,914
",community,FIRST COP

"00:25:26,956","00:25:29,083
",money,STELLA

"00:25:29,125","00:25:30,626
",bill,STELLA

"00:25:30,710","00:25:32,503
", ,SECOND COP

"00:25:32,586","00:25:33,587
", ,JOHN BRIDGER

"00:25:34,630","00:25:36,257
", ,CHARLIE

"00:25:36,340","00:25:37,383
", ,CHARLIE

"00:25:37,466","00:25:40,344
", ,HALF-EAR

"00:25:40,428","00:25:43,598
", ,HANDSOME ROB

"00:25:43,639","00:25:45,308
",way,JOHN BRIDGER

"00:25:45,391","00:25:48,102
", ,CHARLIE

"00:25:48,144","00:25:50,896
",change,STEVE

"00:25:50,980","00:25:53,107
", ,STEVE

"00:25:53,232","00:25:55,610
", ,LYLE

"00:25:55,651","00:25:57,987
", ,STEVE

"00:25:58,070","00:26:02,033
", ,LYLE

"00:26:02,116","00:26:03,701
",out,YEVHEN

"00:26:03,784","00:26:06,996
", ,LYLE

"00:26:07,079","00:26:08,831
", ,STELLA

"00:26:12,335","00:26:13,294
",long,STEVE

"00:26:13,336","00:26:15,755
", ,STELLA

"00:26:15,838","00:26:16,756
", ,RECEPTIONIST

"00:26:16,839","00:26:17,798
",on,CHARLIE

"00:26:17,882","00:26:19,008
", ,RECEPTIONIST

"00:26:19,091","00:26:20,593
", ,RECEPTIONIST

"00:26:20,676","00:26:22,011
",out,RECEPTIONIST

"00:26:22,094","00:26:23,220
", ,RECEPTIONIST

"00:26:23,304","00:26:26,265
",on,RECEPTIONIST

"00:26:26,349","00:26:28,100
",couple,FURIOUS DRIVER

"00:26:28,225","00:26:29,310
", ,HANDSOME ROB

"00:26:29,352","00:26:31,604
", ,RECEPTIONIST

"00:26:32,772","00:26:34,899
", ,RECEPTIONIST

"00:26:37,860","00:26:40,696
", ,STELLA

"00:26:40,780","00:26:42,323
", ,FIRST COP

"00:26:45,326","00:26:47,286
", ,STEVE

"00:26:48,704","00:26:50,957
", ,STELLA

"00:26:51,040","00:26:52,458
", ,STEVE

"00:26:52,541","00:26:54,377
", ,STEVE

"00:26:59,340","00:27:00,800
", ,FIRST COP

"00:27:00,883","00:27:03,636
", ,CHARLIE

"00:27:03,719","00:27:04,762
",gold,CHARLIE

"00:27:04,845","00:27:06,180
",on,DETECTIVE

"00:27:06,222","00:27:07,473
", ,CHARLIE

"00:27:07,556","00:27:08,891
", ,CHARLIE

"00:27:08,975","00:27:11,310
",gold out,CHARLIE

"00:27:11,394","00:27:13,020
", ,CHARLIE

"00:27:13,062","00:27:14,438
", ,CHARLIE

"00:27:15,731","00:27:18,234
", ,CHARLIE

"00:27:18,317","00:27:20,486
", ,CHARLIE

"00:27:26,575","00:27:28,452
", ,LYLE

"00:27:28,536","00:27:30,705
",out,HANDSOME ROB

"00:27:30,788","00:27:32,331
",out,CHARLIE

"00:27:32,415","00:27:33,874
", ,CHARLIE

"00:27:33,916","00:27:35,376
", ,CHARLIE

"00:27:35,418","00:27:37,044
",big guard,CHARLIE

"00:27:37,086","00:27:38,087
", ,CHARLIE

"00:27:38,212","00:27:39,088
", ,LYLE

"00:27:39,213","00:27:40,423
",crew,CHARLIE

"00:27:40,506","00:27:42,591
", ,CHARLIE

"00:27:42,675","00:27:44,260
", ,STELLA

"00:27:44,343","00:27:45,595
", ,CHARLIE

"00:27:45,678","00:27:47,555
",gold,CHARLIE

"00:27:47,597","00:27:48,848
", ,CHARLIE

"00:27:54,562","00:27:55,813
", ,STEVE

"00:27:55,896","00:27:57,815
",on set,CHARLIE

"00:28:04,030","00:28:05,448
",on,CHARLIE

"00:29:10,137","00:29:11,264
",on,LYLE

"00:29:12,348","00:29:13,349
",on,LYLE

"00:29:19,313","00:29:20,564
", ,STELLA

"00:29:20,648","00:29:22,483
",on,STELLA

"00:29:22,566","00:29:23,901
",gold,STELLA

"00:29:23,985","00:29:27,154
", ,STELLA

"00:29:31,701","00:29:32,618
", ,JOHN BRIDGER

"00:29:32,702","00:29:34,328
", ,RICHARD

"00:29:34,370","00:29:35,454
", ,STELLA

"00:29:35,538","00:29:37,373
", ,OFFICE

"00:29:37,456","00:29:38,958
",having on,JOHN BRIDGER

"00:29:39,041","00:29:40,084
", ,JOHN BRIDGER

"00:29:40,209","00:29:41,085
", ,JOHN BRIDGER

"00:29:41,210","00:29:42,295
", ,CHARLIE

"00:29:42,378","00:29:43,796
", ,HANDSOME ROB

"00:29:43,879","00:29:45,089
", ,HANDSOME ROB

"00:29:45,214","00:29:47,383
", ,HANDSOME ROB

"00:29:47,466","00:29:49,010
", ,STEVE

"00:29:49,093","00:29:50,511
",on,CHARLIE

"00:29:50,553","00:29:52,805
", ,CHARLIE

"00:29:52,888","00:29:54,390
", ,CHARLIE

"00:29:54,473","00:29:55,558
", ,YEVHEN

"00:29:58,185","00:29:59,729
", ,CHARLIE

"00:30:23,919","00:30:26,505
", ,KID

"00:30:26,589","00:30:27,632
", ,STELLA

"00:30:27,715","00:30:28,883
", ,CHARLIE

"00:30:28,966","00:30:31,552
",get,CHARLIE

"00:30:32,762","00:30:33,804
", ,CHARLIE

"00:30:33,888","00:30:34,931
", ,CHARLIE

"00:30:35,014","00:30:36,641
", ,CHARLIE

"00:30:41,187","00:30:44,106
", ,CHARLIE

"00:30:44,190","00:30:45,566
", ,CHARLIE

"00:30:45,650","00:30:48,778
",college,HALF-EAR

"00:30:48,861","00:30:50,696
", ,STEVE

"00:31:03,000","00:31:05,586
", ,STEVE

"00:31:08,339","00:31:09,298
", ,STEVE

"00:31:11,258","00:31:12,385
", ,STELLA

"00:31:13,761","00:31:15,054
", ,CHARLIE

"00:31:16,472","00:31:17,890
", ,HANDSOME ROB

"00:31:18,975","00:31:20,059
", ,RICHARD

"00:31:20,685","00:31:22,103
", ,LYLE

"00:31:22,186","00:31:23,104
", ,STELLA

"00:31:23,271","00:31:25,106
", ,CHARLIE

"00:31:25,147","00:31:27,775
", ,CHARLIE

"00:31:27,858","00:31:29,568
", ,LYLE

"00:31:29,652","00:31:30,736
", ,CHARLIE

"00:31:30,820","00:31:31,988
", ,CHARLIE

"00:31:32,071","00:31:33,114
", ,CHARLIE

"00:31:33,155","00:31:34,448
", ,CHARLIE

"00:31:34,532","00:31:35,533
", ,CHARLIE

"00:31:35,616","00:31:37,952
", ,CHARLIE

"00:31:38,035","00:31:40,413
", ,CHARLIE

"00:31:40,496","00:31:42,123
", ,CHARLIE

"00:31:42,164","00:31:44,375
",up,HANDSOME ROB

"00:31:47,336","00:31:49,005
", ,CHARLIE

"00:31:49,088","00:31:50,131
", ,CHARLIE

"00:31:50,298","00:31:51,632
",way,CHARLIE

"00:31:51,674","00:31:53,592
",set,CHARLIE

"00:32:02,476","00:32:04,645
", ,CHARLIE

"00:32:04,729","00:32:06,105
", ,CHARLIE

"00:32:06,188","00:32:07,773
",on,CHARLIE

"00:32:07,857","00:32:09,984
", ,CHARLIE

"00:32:10,067","00:32:11,569
", ,CHARLIE

"00:32:11,652","00:32:12,570
", ,CHARLIE

"00:32:12,653","00:32:14,655
",mess around,STELLA

"00:32:19,577","00:32:20,828
", ,STELLA

"00:32:20,911","00:32:23,414
", ,CHARLIE

"00:32:23,497","00:32:25,625
", ,CHARLIE

"00:32:25,708","00:32:28,377
", ,CHARLIE

"00:32:28,461","00:32:31,505
", ,STEVE

"00:32:31,589","00:32:33,007
",up,BULLY

"00:32:33,049","00:32:36,927
",on,HANDSOME ROB

"00:32:37,011","00:32:38,930
", ,HANDSOME ROB

"00:32:39,805","00:32:40,973
", ,HANDSOME ROB

"00:32:41,057","00:32:42,725
", ,CHARLIE

"00:32:42,808","00:32:43,768
", ,BURLY MAN

"00:32:43,851","00:32:46,312
", ,JOHN BRIDGER

"00:32:46,395","00:32:48,147
", ,COUNTER BABE

"00:32:49,231","00:32:50,149
", ,LYLE

"00:32:50,232","00:32:51,359
", ,JOHN BRIDGER

"00:32:51,400","00:32:52,610
", ,CHARLIE

"00:32:52,693","00:32:55,071
", ,CHARLIE

"00:32:55,154","00:32:56,072
", ,LYLE

"00:32:56,155","00:32:57,740
",up,SECOND COP

"00:32:57,823","00:32:59,325
", ,SECOND COP

"00:32:59,408","00:33:00,493
", ,CHARLIE

"00:33:00,576","00:33:02,787
", ,CHARLIE

"00:33:02,870","00:33:03,788
", ,CHARLIE

"00:33:03,871","00:33:04,997
", ,JOHN BRIDGER

"00:33:05,081","00:33:06,082
", ,JOHN BRIDGER

"00:33:06,207","00:33:07,375
", ,RICHARD

"00:33:07,416","00:33:08,876
",chips,HALF-EAR

"00:33:08,918","00:33:10,044
",change,HALF-EAR

"00:33:10,086","00:33:11,837
",get on,LYLE

"00:33:11,921","00:33:13,089
", ,LYLE

"00:33:15,633","00:33:16,968
", ,LYLE

"00:33:17,051","00:33:19,262
",on,STEVE

"00:33:19,345","00:33:21,514
", ,HALF-EAR

"00:33:21,597","00:33:22,848
", ,HALF-EAR

"00:33:22,932","00:33:24,350
", ,RICHARD

"00:33:24,433","00:33:25,851
",on leave,CHARLIE

"00:33:25,935","00:33:26,852
", ,CHARLIE

"00:33:26,936","00:33:28,020
", ,CHARLIE

"00:33:29,313","00:33:31,107
",help,STEVE

"00:33:31,190","00:33:34,402
",help set up,CHARLIE

"00:33:35,820","00:33:37,989
", ,STELLA

"00:33:38,072","00:33:42,660
", ,HANDSOME ROB

"00:33:42,743","00:33:45,579
", ,CHARLIE

"00:33:45,621","00:33:48,124
", ,STEVE

"00:33:48,291","00:33:49,583
", ,STELLA

"00:33:49,625","00:33:54,380
",long,STELLA

"00:33:54,463","00:33:56,924
", ,STELLA

"00:33:57,008","00:33:59,677
", ,STELLA

"00:33:59,760","00:34:03,723
", ,STELLA

"00:34:03,806","00:34:06,475
",out,STEVE

"00:34:06,559","00:34:08,227
", ,MASHKOV

"00:34:08,311","00:34:10,563
", ,CHARLIE

"00:34:10,646","00:34:12,106
", ,YEVHEN

"00:34:12,231","00:34:13,941
",out way get,CHARLIE

"00:34:14,025","00:34:15,776
", ,CHARLIE

"00:34:15,818","00:34:17,945
",on,CHARLIE

"00:34:18,029","00:34:19,530
", ,HANDSOME ROB

"00:34:19,614","00:34:21,032
", ,LYLE

"00:34:21,115","00:34:22,867
", ,LYLE

"00:34:22,950","00:34:23,951
",legal on,LYLE

"00:34:24,035","00:34:24,994
", ,LYLE

"00:34:25,077","00:34:26,537
",post,LYLE

"00:34:26,621","00:34:27,955
", ,LYLE

"00:34:28,039","00:34:29,498
",long,RECEPTIONIST

"00:34:29,582","00:34:31,208
",long,CHARLIE

"00:34:31,292","00:34:32,793
",long,STEVE

"00:34:32,877","00:34:34,629
", ,LYLE

"00:34:37,548","00:34:38,799
", ,STEVE

"00:34:38,883","00:34:40,676
",work on getting out,OFFICE

"00:34:40,760","00:34:42,428
", ,CHARLIE

"00:34:42,511","00:34:44,972
", ,STELLA

"00:34:45,014","00:34:46,515
", ,YEVHEN

"00:34:46,557","00:34:48,684
", ,HANDSOME ROB

"00:34:50,061","00:34:51,687
",on,CHARLIE

"00:34:51,771","00:34:53,230
", ,HANDSOME ROB

"00:34:53,314","00:34:54,357
", ,HANDSOME ROB

"00:34:55,983","00:34:57,902
", ,STEVE

"00:34:59,612","00:35:00,780
", ,STEVE

"00:35:00,863","00:35:01,906
", ,STELLA

"00:35:01,989","00:35:03,240
",get,JOHN BRIDGER

"00:35:03,324","00:35:04,450
", ,STELLA

"00:35:04,533","00:35:05,534
", ,STELLA

"00:35:05,618","00:35:08,412
", ,STEVE

"00:35:08,496","00:35:10,081
",long going,CHARLIE

"00:35:10,206","00:35:12,208
",get,CHARLIE

"00:35:42,613","00:35:44,407
", ,SECURITY GUARD

"00:35:44,490","00:35:45,825
", ,HALF-EAR

"00:35:45,908","00:35:47,743
", ,STELLA

"00:35:47,827","00:35:49,495
", ,CHARLIE

"00:35:49,578","00:35:52,123
", ,YEVHEN

"00:35:52,248","00:35:54,709
",up,CHARLIE

"00:35:54,750","00:35:57,920
", ,CHARLIE

"00:35:58,004","00:36:00,589
",party,CHARLIE

"00:36:00,673","00:36:01,966
", ,HALF-EAR

"00:36:02,049","00:36:04,010
", ,HALF-EAR

"00:36:04,093","00:36:06,053
",going up,STEVE

"00:36:06,137","00:36:07,221
", ,HALF-EAR

"00:36:07,305","00:36:08,556
",on,HALF-EAR

"00:36:08,639","00:36:10,016
",guard,SKINNY PETE

"00:36:10,099","00:36:11,058
", ,SKINNY PETE

"00:36:11,142","00:36:12,560
",on,DETECTIVE

"00:36:12,643","00:36:14,061
", ,CHARLIE

"00:36:14,103","00:36:17,064
", ,HALF-EAR

"00:36:17,106","00:36:18,482
", ,HALF-EAR

"00:36:18,566","00:36:20,693
", ,YEVHEN

"00:36:20,776","00:36:22,570
", ,YEVHEN

"00:36:24,447","00:36:26,073
", ,HANDSOME ROB

"00:36:27,617","00:36:28,909
", ,JOHN BRIDGER

"00:36:28,951","00:36:30,745
", ,SKINNY PETE

"00:36:30,828","00:36:33,331
", ,LYLE

"00:36:33,414","00:36:34,665
", ,STELLA

"00:36:34,749","00:36:37,918
", ,CHARLIE

"00:36:38,002","00:36:39,754
", ,JOHN BRIDGER

"00:36:54,852","00:36:56,103
", ,STEVE

"00:36:56,270","00:36:58,272
", ,CHARLIE

"00:36:58,356","00:37:00,650
", ,HANDSOME ROB

"00:37:01,734","00:37:02,652
", ,HANDSOME ROB

"00:37:02,735","00:37:03,736
", ,MASHKOV

"00:37:03,819","00:37:05,988
", ,JOHN BRIDGER

"00:37:06,072","00:37:08,908
", ,DETECTIVE

"00:37:08,991","00:37:09,909
", ,MASHKOV

"00:37:09,992","00:37:11,535
", ,JOHN BRIDGER

"00:37:13,913","00:37:15,915
",green,JOHN BRIDGER

"00:37:15,998","00:37:18,584
", ,HANDSOME ROB

"00:37:18,668","00:37:20,461
", ,MASHKOV

"00:37:20,503","00:37:21,253
", ,RICHARD

"00:37:22,630","00:37:23,839
", ,HANDSOME ROB

"00:37:26,592","00:37:29,387
", ,HANDSOME ROB

"00:37:41,023","00:37:43,025
", ,LYLE

"00:38:01,794","00:38:04,422
",get work,CHARLIE

"00:38:06,799","00:38:10,886
", ,HANDSOME ROB

"00:38:10,970","00:38:12,388
", ,HANDSOME ROB

"00:38:12,471","00:38:14,682
", ,CHARLIE

"00:38:14,765","00:38:16,058
", ,YEVHEN

"00:38:16,142","00:38:18,060
", ,STEVE

"00:38:18,144","00:38:19,437
", ,FIRST COP

"00:38:19,520","00:38:20,646
", ,SECURITY GUARD

"00:38:20,730","00:38:22,648
",gold,HANDSOME ROB

"00:38:23,691","00:38:24,859
", ,CHARLIE

"00:38:24,900","00:38:27,403
", ,HANDSOME ROB

"00:38:27,486","00:38:30,573
", ,HANDSOME ROB

"00:38:30,656","00:38:32,575
",green way,HANDSOME ROB

"00:38:32,658","00:38:34,243
", ,HANDSOME ROB

"00:38:34,327","00:38:36,495
",get,CHARLIE

"00:38:39,874","00:38:40,750
", ,LYLE

"00:38:42,251","00:38:45,588
",green way,CHARLIE

"00:38:45,671","00:38:47,548
", ,CHARLIE

"00:38:47,590","00:38:49,425
", ,CHARLIE

"00:38:50,843","00:38:52,345
", ,LYLE

"00:38:56,682","00:38:58,643
",on,YEVHEN

"00:39:03,940","00:39:05,733
",out,YEVHEN

"00:39:05,775","00:39:07,568
",putting,YEVHEN

"00:39:07,610","00:39:09,570
",funds,YEVHEN

"00:39:09,612","00:39:11,906
", ,YEVHEN

"00:39:11,948","00:39:13,741
",on,YEVHEN

"00:39:13,783","00:39:15,076
", ,STELLA

"00:39:15,159","00:39:16,494
", ,CHARLIE

"00:39:16,577","00:39:18,245
", ,YEVHEN

"00:39:18,287","00:39:19,956
", ,YEVHEN

"00:39:20,039","00:39:21,123
", ,YEVHEN

"00:39:23,626","00:39:26,754
", ,YEVHEN

"00:39:26,796","00:39:30,299
", ,YEVHEN

"00:39:31,384","00:39:32,468
", ,RICHARD

"00:39:32,551","00:39:35,638
",refuge,YEVHEN

"00:39:35,721","00:39:38,724
", ,JOHN BRIDGER

"00:39:44,814","00:39:47,942
", ,CHARLIE

"00:39:47,984","00:39:50,778
", ,JOHN BRIDGER

"00:39:50,820","00:39:52,947
", ,STEVE

"00:39:52,989","00:39:54,115
", ,LYLE

"00:40:00,496","00:40:02,039
",around money,YEVHEN

"00:40:12,300","00:40:14,260
", ,STELLA

"00:40:14,343","00:40:15,303
", ,BUSBOY

"00:40:15,344","00:40:16,846
", ,CHARLIE

"00:40:16,887","00:40:18,806
", ,MASHKOV

"00:40:18,848","00:40:20,141
", ,YEVHEN

"00:40:20,182","00:40:22,476
",on,STEVE

"00:40:22,518","00:40:24,020
", ,MASHKOV

"00:40:35,197","00:40:36,157
", ,STEVE

"00:40:36,282","00:40:39,160
",gold,JOHN BRIDGER

"00:40:41,871","00:40:44,457
", ,CHARLIE

"00:40:46,876","00:40:49,003
", ,LYLE

"00:41:11,734","00:41:12,652
", ,FIRST COP

"00:41:12,735","00:41:14,612
", ,FIRST COP

"00:41:14,695","00:41:16,447
", ,STEVE

"00:41:16,530","00:41:17,949
",get,STELLA

"00:41:18,032","00:41:19,492
", ,STELLA

"00:41:19,575","00:41:21,994
", ,CHARLIE

"00:41:22,078","00:41:23,287
", ,CHARLIE

"00:41:23,371","00:41:24,664
", ,JOHN BRIDGER

"00:41:25,748","00:41:27,541
", ,STELLA

"00:41:31,879","00:41:33,214
", ,HANDSOME ROB

"00:41:36,217","00:41:37,593
",lot,BURLY MAN

"00:41:37,677","00:41:40,554
", ,CHARLIE

"00:41:40,638","00:41:42,556
", ,JOHN BRIDGER

"00:41:42,598","00:41:44,642
", ,JOHN BRIDGER

"00:41:44,725","00:41:47,687
", ,LYLE

"00:41:47,770","00:41:50,231
", ,HANDSOME ROB

"00:41:51,899","00:41:53,818
", ,STEVE

"00:41:53,901","00:41:55,653
", ,STEVE

"00:41:55,736","00:41:58,364
", ,PHILLY STEAK

"00:42:01,325","00:42:03,035
", ,LYLE

"00:42:04,328","00:42:05,913
",going out,STELLA

"00:42:05,997","00:42:07,665
", ,LYLE

"00:42:07,748","00:42:10,084
",get,CHARLIE

"00:42:10,251","00:42:11,585
", ,CHARLIE

"00:42:11,669","00:42:14,380
",dead,HANDSOME ROB

"00:42:16,674","00:42:17,842
", ,RICHARD

"00:42:21,512","00:42:22,680
", ,HALF-EAR

"00:42:22,763","00:42:26,183
",way,MASHKOV

"00:42:27,810","00:42:28,728
", ,CHARLIE

"00:42:28,811","00:42:30,271
",set up,LYLE

"00:42:30,354","00:42:31,439
", ,HANDSOME ROB

"00:42:31,522","00:42:33,024
", ,JOHN BRIDGER

"00:42:33,107","00:42:34,692
",get,CHARLIE

"00:42:34,775","00:42:35,776
", ,CHARLIE

"00:42:38,362","00:42:41,782
",up,DANYA

"00:42:41,866","00:42:43,909
",get,RICHARD

"00:42:43,993","00:42:45,620
", ,HANDSOME ROB

"00:42:45,703","00:42:46,871
", ,STEVE

"00:42:46,954","00:42:48,956
", ,STELLA

"00:42:48,956","00:42:48,998
", ,STELLA

"00:42:48,998","00:42:50,583
", ,STEVE

"00:42:51,667","00:42:53,461
", ,JOHN BRIDGER

"00:42:53,544","00:42:56,130
", ,LYLE

"00:42:56,213","00:42:57,798
",on,LYLE

"00:42:57,882","00:43:00,092
",on,LYLE

"00:43:00,217","00:43:01,093
", ,JOHN BRIDGER

"00:43:01,218","00:43:02,553
", ,LYLE

"00:43:02,637","00:43:03,846
", ,LYLE

"00:43:03,930","00:43:05,932
", ,STELLA

"00:43:06,015","00:43:08,100
", ,STELLA

"00:43:08,184","00:43:10,102
", ,LYLE

"00:43:10,227","00:43:12,772
", ,MASHKOV

"00:43:12,855","00:43:15,775
",on,SKINNY PETE

"00:43:15,858","00:43:16,776
", ,JOHN BRIDGER

"00:43:16,859","00:43:19,820
", ,CHARLIE

"00:43:20,863","00:43:21,989
", ,CHARLIE

"00:43:22,073","00:43:23,491
", ,HANDSOME ROB

"00:43:35,044","00:43:36,128
", ,LYLE

"00:43:36,212","00:43:37,797
", ,LYLE

"00:43:37,880","00:43:38,798
", ,LYLE

"00:43:38,881","00:43:40,132
", ,HANDSOME ROB

"00:43:40,216","00:43:42,009
", ,HANDSOME ROB

"00:43:43,094","00:43:44,637
", ,LYLE

"00:43:44,720","00:43:45,972
", ,LYLE

"00:43:46,055","00:43:48,015
",work,LYLE

"00:43:49,100","00:43:50,434
", ,LYLE

"00:43:50,518","00:43:51,978
", ,HANDSOME ROB

"00:43:52,061","00:43:54,188
", ,HANDSOME ROB

"00:43:55,356","00:43:58,150
", ,LYLE

"00:43:58,234","00:44:00,653
", ,HANDSOME ROB

"00:44:00,736","00:44:02,947
", ,STEVE

"00:44:03,030","00:44:04,657
", ,HANDSOME ROB

"00:44:06,492","00:44:09,078
",going,LYLE

"00:44:09,203","00:44:11,455
",get work,HANDSOME ROB

"00:44:20,339","00:44:22,216
", ,CHARLIE

"00:44:26,345","00:44:28,389
", ,CHARLIE

"00:44:28,472","00:44:29,432
", ,LYLE

"00:44:29,515","00:44:30,725
", ,STELLA

"00:44:30,808","00:44:32,226
", ,STELLA

"00:44:32,310","00:44:33,728
", ,BUSBOY

"00:44:33,769","00:44:36,606
", ,CHARLIE

"00:44:36,689","00:44:38,024
", ,RECEPTIONIST

"00:44:38,107","00:44:39,442
", ,CHARLIE

"00:44:39,525","00:44:40,901
",on,LYLE

"00:44:40,943","00:44:43,946
",going,MASHKOV

"00:44:44,030","00:44:45,531
", ,STEVE

"00:44:45,615","00:44:47,783
", ,STEVE

"00:44:47,867","00:44:49,368
",on,CHARLIE

"00:44:49,452","00:44:50,953
", ,CHARLIE

"00:44:51,037","00:44:52,830
", ,CHARLIE

"00:44:52,913","00:44:54,790
", ,CHARLIE

"00:44:54,874","00:44:55,791
", ,JOHN BRIDGER

"00:44:55,875","00:44:57,084
", ,STEVE

"00:46:43,232","00:46:44,942
", ,SECURITY GUARD

"00:46:45,026","00:46:46,277
",out,STEVE

"00:46:46,360","00:46:47,778
", ,CHARLIE

"00:46:47,862","00:46:50,114
",get up up,CHARLIE

"00:46:55,911","00:46:57,705
",help,STEVE

"00:46:57,788","00:47:00,207
",up,STELLA

"00:47:00,249","00:47:01,876
",out,JOHN BRIDGER

"00:47:01,959","00:47:03,544
", ,SECURITY GUARD

"00:47:03,628","00:47:05,630
", ,LYLE

"00:47:05,713","00:47:06,797
", ,CHARLIE

"00:47:06,881","00:47:08,382
",going work,MASHKOV

"00:47:08,466","00:47:11,093
",company,CHARLIE

"00:47:12,386","00:47:14,513
",appointment,CHARLIE

"00:47:14,597","00:47:16,515
", ,LYLE

"00:47:25,816","00:47:26,734
", ,STELLA

"00:47:26,817","00:47:28,194
", ,CHARLIE

"00:47:28,277","00:47:29,570
",out,CHARLIE

"00:47:29,654","00:47:31,364
",appointment set up,CHARLIE

"00:47:31,447","00:47:32,365
", ,SECURITY GUARD

"00:47:32,448","00:47:33,699
", ,CHARLIE

"00:47:33,783","00:47:35,326
",appointment,CHARLIE

"00:47:35,409","00:47:36,327
", ,CHARLIE

"00:47:36,410","00:47:37,912
", ,CHARLIE

"00:47:37,995","00:47:39,246
", ,SECURITY GUARD

"00:47:39,330","00:47:41,749
", ,CHARLIE

"00:47:41,791","00:47:42,792
", ,CHARLIE

"00:47:44,168","00:47:45,920
", ,CHARLIE

"00:47:46,003","00:47:48,923
",get,LYLE

"00:47:49,006","00:47:51,467
",check out,CHARLIE

"00:47:53,803","00:47:57,598
",going,LYLE

"00:47:59,642","00:48:01,018
", ,JOHN BRIDGER

"00:48:01,102","00:48:02,520
",or,CHARLIE

"00:48:02,603","00:48:03,521
", ,STELLA

"00:48:03,604","00:48:05,064
", ,BUSBOY

"00:48:06,357","00:48:07,858
",pin,BUSBOY

"00:48:07,942","00:48:09,402
",on,YEVHEN

"00:48:09,485","00:48:10,403
", ,YEVHEN

"00:48:10,486","00:48:12,613
", ,MASHKOV

"00:48:12,655","00:48:14,198
", ,CHARLIE

"00:48:14,282","00:48:16,075
", ,CHARLIE

"00:48:16,158","00:48:17,952
",on,CHARLIE

"00:48:18,035","00:48:20,454
", ,CHARLIE

"00:48:22,498","00:48:23,541
", ,HANDSOME ROB

"00:48:23,624","00:48:25,251
", ,CHARLIE

"00:48:25,334","00:48:26,460
",going,CHARLIE

"00:48:26,544","00:48:27,461
", ,CHARLIE

"00:48:27,545","00:48:29,297
", ,JOHN BRIDGER

"00:48:31,340","00:48:33,050
",going,JOHN BRIDGER

"00:48:34,343","00:48:35,928
", ,STELLA

"00:48:36,012","00:48:37,972
", ,CHARLIE

"00:48:38,055","00:48:39,056
", ,CHARLIE

"00:48:39,140","00:48:42,226
", ,JOHN BRIDGER

"00:48:47,023","00:48:48,232
", ,SECURITY GUARD

"00:48:48,316","00:48:49,442
", ,HANDSOME ROB

"00:49:01,037","00:49:02,371
", ,HANDSOME ROB

"00:49:02,455","00:49:03,664
", ,HALF-EAR

"00:49:13,174","00:49:15,343
", ,STELLA

"00:49:15,426","00:49:16,886
", ,STELLA

"00:49:16,969","00:49:18,471
", ,CHARLIE

"00:49:49,251","00:49:51,712
", ,HANDSOME ROB

"00:49:51,754","00:49:55,508
", ,CHARLIE

"00:49:58,219","00:50:00,972
", ,CHARLIE

"00:50:01,055","00:50:03,766
", ,CHARLIE

"00:50:09,647","00:50:10,690
", ,CHARLIE

"00:50:10,773","00:50:12,900
", ,HALF-EAR

"00:50:12,984","00:50:15,236
",on,STEVE

"00:50:16,279","00:50:18,406
",on,LYLE

"00:50:19,991","00:50:21,617
", ,LYLE

"00:50:21,701","00:50:23,661
",on get out,GUARD

"00:50:28,708","00:50:29,792
", ,HALF-EAR

"00:50:29,875","00:50:32,545
",on,STELLA

"00:50:35,965","00:50:37,216
", ,CHARLIE

"00:50:38,884","00:50:40,261
", ,LYLE

"00:50:43,347","00:50:45,266
", ,STELLA

"00:50:45,349","00:50:46,976
", ,RICHARD

"00:50:47,059","00:50:48,269
",way,STEVE

"00:50:49,353","00:50:51,147
", ,STELLA

"00:50:51,230","00:50:53,482
", ,HANDSOME ROB

"00:50:53,566","00:50:56,152
", ,YEVHEN

"00:50:56,235","00:50:57,820
", ,JOHN BRIDGER

"00:50:57,903","00:51:00,615
", ,MASHKOV

"00:51:00,698","00:51:02,116
", ,CHARLIE

"00:51:02,158","00:51:03,451
", ,CHARLIE

"00:51:03,534","00:51:05,870
", ,LYLE

"00:51:05,953","00:51:08,539
", ,STELLA

"00:51:08,623","00:51:10,958
",bunch,YEVHEN

"00:51:11,000","00:51:13,628
",place,CHARLIE

"00:51:13,669","00:51:15,963
", ,CHARLIE

"00:51:16,005","00:51:18,299
", ,SECURITY GUARD

"00:51:18,341","00:51:21,636
", ,SECURITY GUARD

"00:51:21,677","00:51:23,429
", ,CHARLIE

"00:51:24,513","00:51:25,681
", ,CHARLIE

"00:51:25,765","00:51:27,475
",check out,PHILLY STEAK

"00:51:27,516","00:51:29,101
", ,CHARLIE

"00:51:29,226","00:51:30,645
", ,CHARLIE

"00:51:30,686","00:51:32,146
", ,SKINNY PETE

"00:51:34,231","00:51:37,652
", ,CHARLIE

"00:51:37,693","00:51:39,153
",out,JOHN BRIDGER

"00:51:39,195","00:51:42,823
",up,CHARLIE

"00:51:45,701","00:51:46,577
", ,STELLA

"00:51:46,661","00:51:47,620
", ,STEVE

"00:51:48,663","00:51:50,122
", ,CHARLIE

"00:51:50,206","00:51:52,041
", ,STELLA

"00:51:52,124","00:51:53,668
", ,STEVE

"00:51:56,879","00:51:57,964
", ,STEVE

"00:51:58,047","00:51:59,006
", ,HANDSOME ROB

"00:51:59,048","00:52:00,841
", ,JOHN BRIDGER

"00:52:00,925","00:52:02,760
", ,RICHARD

"00:52:02,843","00:52:04,762
", ,RICHARD

"00:52:04,845","00:52:06,305
", ,STEVE

"00:52:06,389","00:52:08,641
", ,YEVHEN

"00:52:08,724","00:52:10,268
", ,STEVE

"00:52:10,351","00:52:11,519
", ,BUSBOY

"00:52:11,602","00:52:13,479
",on,CHARLIE

"00:52:13,562","00:52:14,647
", ,STEVE

"00:52:14,730","00:52:16,357
",check,RICHARD

"00:52:17,858","00:52:19,694
", ,HANDSOME ROB

"00:52:22,530","00:52:23,948
", ,STELLA

"00:52:24,031","00:52:24,949
",going,JOHN BRIDGER

"00:52:25,032","00:52:26,450
", ,STELLA

"00:52:26,534","00:52:28,494
", ,CHARLIE

"00:52:33,040","00:52:34,917
", ,STEVE

"00:52:35,001","00:52:36,794
", ,HANDSOME ROB

"00:52:36,877","00:52:38,838
", ,HANDSOME ROB

"00:52:44,260","00:52:47,346
",going,RICHARD

"00:52:47,430","00:52:51,309
",get up,CHARLIE

"00:52:51,392","00:52:53,019
", ,STELLA

"00:52:53,019","00:52:53,102
", ,STELLA

"00:52:53,102","00:52:54,979
", ,STEVE

"00:52:55,062","00:52:57,481
",on,STELLA

"00:52:57,565","00:52:58,649
", ,LYLE

"00:53:01,152","00:53:02,695
", ,LYLE

"00:53:02,778","00:53:04,238
", ,STEVE

"00:53:05,489","00:53:06,574
", ,LYLE

"00:53:06,657","00:53:08,409
", ,LYLE

"00:53:08,492","00:53:10,911
", ,LYLE

"00:53:10,995","00:53:13,914
", ,STEVE

"00:53:13,956","00:53:16,083
",loss on,HALF-EAR

"00:53:16,167","00:53:17,918
", ,STELLA

"00:53:18,002","00:53:19,420
", ,CHARLIE

"00:53:20,838","00:53:22,840
",out,CHARLIE

"00:53:22,923","00:53:24,592
", ,STEVE

"00:53:24,634","00:53:25,760
", ,CHARLIE

"00:53:25,843","00:53:28,888
",out,HANDSOME ROB

"00:53:28,971","00:53:30,932
", ,STEVE

"00:53:31,015","00:53:32,099
", ,CHARLIE

"00:53:32,183","00:53:33,267
", ,STELLA

"00:53:33,351","00:53:35,853
", ,STELLA

"00:53:35,937","00:53:38,105
",company,STEVE

"00:53:38,272","00:53:40,942
", ,STELLA

"00:53:41,025","00:53:42,735
",out,STELLA

"00:53:42,818","00:53:45,738
", ,STELLA

"00:53:45,821","00:53:48,240
", ,STEVE

"00:53:48,324","00:53:50,117
",get,CHARLIE

"00:53:52,370","00:53:53,913
", ,CHARLIE

"00:53:53,996","00:53:55,915
",on,CHARLIE

"00:53:55,998","00:53:57,375
", ,DANYA

"00:53:57,458","00:53:58,960
", ,STEVE

"00:53:59,043","00:54:00,086
", ,STEVE

"00:54:00,169","00:54:02,630
", ,SECOND COP

"00:54:02,713","00:54:06,634
",on break,STEVE

"00:54:07,718","00:54:09,470
", ,STEVE

"00:54:14,517","00:54:16,978
", ,JOHN BRIDGER

"00:54:27,029","00:54:29,615
", ,CHARLIE

"00:54:29,699","00:54:32,118
", ,HANDSOME ROB

"00:54:32,201","00:54:34,328
", ,STELLA

"00:54:36,330","00:54:39,166
",on,STELLA

"00:54:42,044","00:54:43,963
", ,CHARLIE

"00:54:44,046","00:54:46,632
", ,STELLA

"00:54:48,718","00:54:51,470
",out,CHARLIE

"00:54:51,554","00:54:53,306
",up,CHARLIE

"00:54:53,347","00:54:55,141
",long gold,CHARLIE

"00:54:55,224","00:54:57,018
", ,HANDSOME ROB

"00:54:58,227","00:55:00,730
", ,STEVE

"00:55:00,813","00:55:02,732
", ,CHARLIE

"00:55:02,815","00:55:05,067
", ,CHARLIE

"00:55:05,151","00:55:06,402
", ,STELLA

"00:55:06,485","00:55:08,904
", ,STEVE

"00:55:08,988","00:55:10,197
", ,STEVE

"00:55:10,239","00:55:12,491
", ,HANDSOME ROB

"00:55:12,575","00:55:13,743
", ,JOHN BRIDGER

"00:55:13,826","00:55:15,953
", ,CHARLIE

"00:55:16,037","00:55:17,246
", ,STELLA

"00:55:17,330","00:55:18,247
", ,JOHN BRIDGER

"00:55:18,331","00:55:20,207
", ,LYLE

"00:55:20,291","00:55:21,834
", ,CHARLIE

"00:55:21,917","00:55:24,378
", ,CHARLIE

"00:55:24,420","00:55:26,922
",on college,STEVE

"00:55:27,006","00:55:29,175
", ,STELLA

"00:55:29,258","00:55:31,010
", ,KAREN

"00:55:31,093","00:55:33,471
", ,LYLE

"00:55:33,554","00:55:35,306
", ,CHARLIE

"00:55:36,390","00:55:39,226
", ,STEVE

"00:55:39,310","00:55:40,478
", ,CHARLIE

"00:55:40,561","00:55:43,397
", ,STELLA

"00:55:45,149","00:55:47,526
", ,SECOND COP

"00:55:47,610","00:55:49,612
",get gold,CHARLIE

"00:55:49,654","00:55:51,489
", ,CHARLIE

"00:55:51,572","00:55:54,116
", ,STELLA

"00:55:59,288","00:56:00,831
", ,LYLE

"00:56:18,432","00:56:19,976
",gold,CHARLIE

"00:56:41,622","00:56:42,790
", ,CHARLIE

"00:57:19,952","00:57:21,996
", ,CHARLIE

"00:57:22,079","00:57:24,373
",going help,STEVE

"00:57:24,415","00:57:26,375
",work,JOHN BRIDGER

"00:57:26,417","00:57:27,752
", ,STELLA

"00:57:27,835","00:57:30,796
", ,STEVE

"00:57:30,880","00:57:33,633
", ,JOHN BRIDGER

"00:57:33,716","00:57:34,759
", ,CHARLIE

"00:57:34,842","00:57:36,719
",friend,CHARLIE

"00:57:41,390","00:57:42,642
", ,LYLE

"00:57:42,725","00:57:44,393
", ,STELLA

"00:57:44,435","00:57:45,937
",up,SECOND COP

"00:57:45,978","00:57:47,688
", ,HALF-EAR

"00:57:47,772","00:57:49,231
",body work,HALF-EAR

"00:57:49,273","00:57:53,694
",pack up,LYLE

"00:57:53,778","00:57:55,071
",suspension,STELLA

"00:57:55,112","00:57:57,156
", ,HALF-EAR

"00:57:57,239","00:57:58,991
", ,LYLE

"00:57:59,075","00:58:01,285
", ,YEVHEN

"00:58:03,412","00:58:05,456
",get out,CHARLIE

"00:58:05,539","00:58:06,958
", ,CHARLIE

"00:58:08,960","00:58:10,628
", ,CHARLIE

"00:58:21,138","00:58:23,099
",around,YEVHEN

"00:58:36,696","00:58:39,031
", ,BUSBOY

"00:58:39,115","00:58:40,992
",get,CHARLIE

"00:58:41,033","00:58:42,576
", ,CHARLIE

"00:58:43,786","00:58:45,538
", ,LYLE

"00:58:45,621","00:58:47,290
", ,JOHN BRIDGER

"00:58:47,331","00:58:49,458
", ,JOHN BRIDGER

"00:58:52,461","00:58:53,629
",around,YEVHEN

"00:58:55,673","00:58:58,175
",around,LYLE

"00:59:13,941","00:59:14,859
",around,YEVHEN

"00:59:18,321","00:59:19,196
",around,YEVHEN

"00:59:34,920","00:59:36,172
", ,STEVE

"00:59:36,255","00:59:37,590
", ,HALF-EAR

"00:59:38,674","00:59:39,717
", ,CHARLIE

"00:59:39,800","00:59:42,136
", ,CHRISTINA GRIEGO

"00:59:42,219","00:59:44,305
", ,CHRISTINA GRIEGO

"00:59:44,388","00:59:46,140
", ,CHARLIE

"00:59:46,223","00:59:47,433
", ,LYLE

"00:59:47,516","00:59:49,185
", ,LYLE

"00:59:49,226","00:59:50,895
", ,LYLE

"00:59:50,978","00:59:52,897
",up,STEVE

"00:59:52,980","00:59:55,358
", ,CHARLIE

"00:59:55,441","00:59:57,151
",place,LYLE

"00:59:57,234","00:59:58,194
",run,STELLA

"00:59:58,235","00:59:59,946
", ,DETECTIVE

"01:00:02,073","01:00:03,032
", ,YEVHEN

"01:00:03,074","01:00:04,075
", ,YEVHEN

"01:00:09,664","01:00:10,665
", ,CHARLIE

"01:00:10,748","01:00:11,749
",up,FURIOUS DRIVER

"01:00:11,832","01:00:13,751
",check out,CHARLIE

"01:00:13,793","01:00:15,211
", ,CHARLIE

"01:00:15,252","01:00:17,088
", ,BUSBOY

"01:00:17,171","01:00:19,632
", ,YEVHEN

"01:00:19,715","01:00:21,592
", ,HANDSOME ROB

"01:00:27,348","01:00:28,266
", ,CHARLIE

"01:00:28,349","01:00:30,643
", ,BUSBOY

"01:00:31,936","01:00:32,937
", ,RICHARD

"01:00:34,438","01:00:36,148
", ,STELLA

"01:00:36,232","01:00:38,067
", ,STELLA

"01:00:38,150","01:00:41,862
",body,CHARLIE

"01:00:41,946","01:00:44,782
", ,JOHN BRIDGER

"01:00:44,865","01:00:45,950
", ,CHARLIE

"01:00:46,117","01:00:47,201
",getting,JOHN BRIDGER

"01:00:47,285","01:00:48,744
",way,DANYA

"01:00:48,786","01:00:50,496
", ,STELLA

"01:00:50,579","01:00:52,498
",on,STELLA

"01:00:52,581","01:00:53,791
", ,CHARLIE

"01:00:53,874","01:00:55,501
",getting,JOHN BRIDGER

"01:00:55,584","01:00:57,211
",way,DANYA

"01:00:57,295","01:00:59,422
", ,STELLA

"01:00:59,463","01:01:01,841
",on,STELLA

"01:01:01,924","01:01:04,468
", ,DANYA

"01:01:05,928","01:01:10,641
", ,STELLA

"01:01:10,725","01:01:13,144
", ,DANYA

"01:01:13,227","01:01:14,937
", ,CHARLIE

"01:01:14,979","01:01:16,314
",getting,JOHN BRIDGER

"01:01:16,397","01:01:17,898
",way,DANYA

"01:01:18,024","01:01:20,443
", ,STELLA

"01:01:20,484","01:01:23,279
",on,STELLA

"01:01:27,116","01:01:29,952
", ,JOHN BRIDGER

"01:01:30,036","01:01:32,330
",on,CHARLIE

"01:01:43,299","01:01:44,216
", ,YEVHEN

"01:01:44,300","01:01:45,926
", ,STEVE

"01:01:49,013","01:01:50,056
", ,HALF-EAR

"01:01:50,139","01:01:52,308
",mob,YEVHEN

"01:01:52,391","01:01:53,309
", ,LYLE

"01:01:53,392","01:01:54,644
", ,HANDSOME ROB

"01:01:54,685","01:01:55,895
", ,YEVHEN

"01:01:55,978","01:01:58,648
",help,CHARLIE

"01:01:58,731","01:02:00,274
", ,STELLA

"01:02:00,358","01:02:02,860
", ,JOHN BRIDGER

"01:02:02,944","01:02:04,779
", ,HALF-EAR

"01:02:04,862","01:02:06,530
", ,STEVE

"01:02:06,614","01:02:09,492
", ,LYLE

"01:02:09,533","01:02:11,410
", ,STEVE

"01:02:11,494","01:02:13,913
",out,HANDSOME ROB

"01:02:14,038","01:02:15,206
",looking,STEVE

"01:02:15,289","01:02:16,916
",going,CHARLIE

"01:02:17,041","01:02:18,084
", ,CHARLIE

"01:02:18,167","01:02:19,919
", ,LYLE

"01:02:20,044","01:02:21,796
", ,STELLA

"01:02:21,879","01:02:23,339
", ,CHARLIE

"01:02:23,422","01:02:25,675
",gold,CHARLIE

"01:02:25,716","01:02:30,054
", ,CHARLIE

"01:02:30,137","01:02:31,389
", ,JOHN BRIDGER

"01:02:31,472","01:02:33,391
", ,STEVE

"01:02:38,646","01:02:39,647
", ,RICHARD

"01:02:39,730","01:02:41,232
", ,RICHARD

"01:02:41,315","01:02:42,441
",on roll,YEVHEN

"01:02:42,525","01:02:43,859
", ,MASHKOV

"01:02:43,943","01:02:45,861
", ,JOHN BRIDGER

"01:02:48,239","01:02:49,156
", ,STELLA

"01:02:49,240","01:02:50,449
",gold,PHILLY STEAK

"01:02:50,533","01:02:51,450
", ,STELLA

"01:02:51,534","01:02:53,619
", ,SECOND COP

"01:02:53,703","01:02:56,664
", ,CHARLIE

"01:02:56,747","01:02:59,250
", ,CHARLIE

"01:02:59,333","01:03:01,585
", ,JOHN BRIDGER

"01:03:01,669","01:03:04,005
",on,DETECTIVE

"01:03:04,088","01:03:05,548
", ,HANDSOME ROB

"01:03:05,631","01:03:06,549
", ,CHARLIE

"01:03:06,632","01:03:08,592
", ,JOHN BRIDGER

"01:03:10,595","01:03:11,721
", ,JOHN BRIDGER

"01:03:11,804","01:03:14,223
", ,JOHN BRIDGER

"01:03:14,307","01:03:15,266
", ,LYLE

"01:03:16,809","01:03:18,060
", ,RICHARD

"01:03:48,007","01:03:49,425
", ,RICHARD

"01:03:51,636","01:03:53,137
", ,RICHARD

"01:04:10,154","01:04:11,322
", ,STELLA

"01:04:12,490","01:04:14,659
", ,HANDSOME ROB

"01:04:14,742","01:04:16,035
", ,LYLE

"01:04:16,118","01:04:17,370
",get,STEVE

"01:04:17,453","01:04:19,372
", ,STEVE

"01:04:19,455","01:04:20,706
", ,STEVE

"01:04:20,790","01:04:22,792
", ,BURLY MAN

"01:04:22,875","01:04:24,126
", ,RICHARD

"01:04:24,210","01:04:25,753
", ,RECEPTIONIST

"01:04:28,297","01:04:29,674
", ,STELLA

"01:04:29,757","01:04:30,800
", ,STELLA

"01:04:30,883","01:04:32,218
", ,CHARLIE

"01:04:32,301","01:04:33,260
", ,SKINNY PETE

"01:04:34,595","01:04:35,846
", ,KID

"01:04:35,930","01:04:37,515
",going get,CHARLIE

"01:04:38,808","01:04:40,935
", ,KID

"01:04:41,018","01:04:42,687
", ,BURLY MAN

"01:04:42,770","01:04:43,938
",up,CHARLIE

"01:04:44,063","01:04:45,314
",going,LYLE

"01:04:45,398","01:04:47,942
",gold or,SKINNY PETE

"01:04:48,025","01:04:49,902
", ,HALF-EAR

"01:04:49,986","01:04:52,238
", ,HALF-EAR

"01:04:52,321","01:04:53,239
", ,JOHN BRIDGER

"01:04:53,322","01:04:54,240
", ,JOHN BRIDGER

"01:04:54,323","01:04:55,658
", ,HALF-EAR

"01:05:01,664","01:05:02,748
", ,HALF-EAR

"01:05:02,832","01:05:04,792
", ,HALF-EAR

"01:05:04,875","01:05:06,502
", ,HALF-EAR

"01:05:06,544","01:05:07,378
", ,CHARLIE

"01:05:07,461","01:05:08,546
", ,CHARLIE

"01:05:08,629","01:05:11,257
", ,CHARLIE

"01:05:11,340","01:05:12,466
", ,HALF-EAR

"01:05:12,550","01:05:14,176
", ,HALF-EAR

"01:05:14,260","01:05:15,678
", ,HALF-EAR

"01:05:15,761","01:05:18,014
", ,HALF-EAR

"01:05:18,055","01:05:19,432
", ,CHARLIE

"01:05:19,515","01:05:19,890
", ,CHARLIE

"01:05:19,974","01:05:21,058
", ,CHARLIE

"01:05:21,142","01:05:22,059
", ,SECURITY GUARD

"01:05:22,143","01:05:23,769
",big,CHARLIE

"01:05:23,853","01:05:25,771
", ,CHARLIE

"01:05:25,855","01:05:27,106
", ,HALF-EAR

"01:05:27,189","01:05:29,233
", ,HALF-EAR

"01:05:29,317","01:05:32,069
", ,YEVHEN

"01:05:32,153","01:05:33,863
", ,CHARLIE

"01:05:39,744","01:05:41,454
", ,PHILLY STEAK

"01:05:41,537","01:05:43,497
", ,STELLA

"01:05:44,749","01:05:46,208
", ,CHARLIE

"01:05:46,292","01:05:48,085
", ,RECEPTIONIST

"01:05:48,169","01:05:49,962
", ,LYLE

"01:06:07,605","01:06:09,398
",out,STELLA

"01:06:10,066","01:06:11,233
", ,STELLA

"01:06:20,493","01:06:22,244
", ,CHARLIE

"01:06:25,623","01:06:26,749
",on,LYLE

"01:06:29,460","01:06:31,128
",couple,HALF-EAR

"01:06:32,755","01:06:35,383
",shop,DETECTIVE

"01:06:35,466","01:06:38,135
",gold,DETECTIVE

"01:06:38,219","01:06:40,012
",on,DETECTIVE

"01:06:40,096","01:06:41,514
", ,STELLA

"01:06:43,391","01:06:45,601
", ,CHARLIE

"01:06:50,648","01:06:52,692
", ,BUSBOY

"01:06:53,985","01:06:56,487
", ,STELLA

"01:06:57,738","01:06:58,698
", ,RECEPTIONIST

"01:06:58,781","01:07:00,116
",long,HALF-EAR

"01:07:00,199","01:07:02,201
",big on,STELLA

"01:07:04,620","01:07:07,790
", ,LYLE

"01:07:07,873","01:07:09,166
", ,CHARLIE

"01:07:37,653","01:07:39,322
", ,JOHN BRIDGER

"01:07:50,499","01:07:52,043
", ,MASHKOV

"01:07:53,127","01:07:54,587
", ,YEVHEN

"01:07:54,670","01:07:56,547
", ,HALF-EAR

"01:07:56,631","01:07:59,258
",gold,DETECTIVE

"01:07:59,342","01:08:01,010
",on,DETECTIVE

"01:08:02,053","01:08:03,512
", ,STELLA

"01:08:10,811","01:08:12,188
", ,LYLE

"01:08:12,229","01:08:14,231
", ,LYLE

"01:08:14,273","01:08:15,650
", ,JOHN BRIDGER

"01:08:15,733","01:08:18,486
", ,CHARLIE

"01:08:18,569","01:08:20,529
", ,STELLA

"01:08:20,571","01:08:22,990
",out,CHARLIE

"01:08:23,074","01:08:24,575
", ,STELLA

"01:08:24,659","01:08:25,993
",green on,HANDSOME ROB

"01:08:26,077","01:08:27,203
", ,STEVE

"01:08:27,286","01:08:28,871
", ,STELLA

"01:08:28,996","01:08:29,997
", ,CHARLIE

"01:08:30,081","01:08:32,291
",on,LYLE

"01:08:32,375","01:08:34,335
",dead on,LYLE

"01:08:34,418","01:08:35,711
",get,CHARLIE

"01:08:35,753","01:08:37,213
",get,CHARLIE

"01:09:08,202","01:09:10,871
", ,YEVHEN

"01:09:10,997","01:09:12,665
", ,CHARLIE

"01:09:12,748","01:09:13,916
", ,CHARLIE

"01:09:25,803","01:09:26,762
", ,CHARLIE

"01:09:26,804","01:09:27,805
", ,CHARLIE

"01:09:29,473","01:09:30,600
", ,CHARLIE

"01:09:32,935","01:09:34,770
", ,FURIOUS DRIVER

"01:09:34,854","01:09:36,856
",party,CHARLIE

"01:09:40,276","01:09:41,861
",party,VALET

"01:09:41,944","01:09:43,738
", ,JOHN BRIDGER

"01:09:46,240","01:09:48,159
", ,CHARLIE

"01:09:48,242","01:09:49,910
", ,RICHARD

"01:09:49,994","01:09:51,037
", ,FIRST COP

"01:09:51,120","01:09:53,789
", ,STELLA

"01:09:55,583","01:09:57,460
", ,STELLA

"01:09:57,543","01:10:00,212
", ,RECEPTIONIST

"01:10:00,296","01:10:01,922
",out,CHARLIE

"01:10:02,006","01:10:03,299
", ,CHARLIE

"01:10:03,341","01:10:05,968
",get out,STELLA

"01:10:09,847","01:10:11,849
", ,HALF-EAR

"01:10:11,933","01:10:13,643
", ,HANDSOME ROB

"01:10:13,684","01:10:15,269
", ,CHARLIE

"01:10:15,353","01:10:19,106
", ,CHARLIE

"01:10:19,190","01:10:22,485
", ,MASHKOV

"01:10:22,526","01:10:25,655
", ,HALF-EAR

"01:10:25,738","01:10:27,156
", ,STELLA

"01:10:27,198","01:10:29,909
", ,BUSBOY

"01:10:29,992","01:10:31,035
", ,BUSBOY

"01:10:34,288","01:10:36,290
",going,STEVE

"01:10:42,254","01:10:44,465
",get check,CHARLIE

"01:10:44,548","01:10:45,716
",place,STELLA

"01:10:45,800","01:10:46,759
", ,LYLE

"01:10:46,842","01:10:48,344
", ,STELLA

"01:10:48,427","01:10:49,387
", ,HALF-EAR

"01:10:49,470","01:10:52,473
",company,STEVE

"01:10:52,556","01:10:53,557
", ,CHARLIE

"01:10:53,599","01:10:56,978
", ,STELLA

"01:10:57,061","01:10:58,229
", ,STELLA

"01:10:58,312","01:11:00,523
", ,STEVE

"01:11:00,564","01:11:03,317
", ,JOHN BRIDGER

"01:11:03,401","01:11:04,402
", ,CHARLIE

"01:11:04,485","01:11:08,239
", ,JOHN BRIDGER

"01:11:08,322","01:11:11,617
", ,JOHN BRIDGER

"01:11:16,080","01:11:17,873
", ,STEVE

"01:11:17,915","01:11:19,292
",up,STEVE

"01:11:20,835","01:11:21,752
", ,STELLA

"01:11:21,836","01:11:23,337
", ,STELLA

"01:11:23,421","01:11:25,589
", ,CHARLIE

"01:11:25,673","01:11:26,757
", ,STELLA

"01:11:26,841","01:11:29,218
", ,STEVE

"01:11:29,302","01:11:31,304
", ,STEVE

"01:11:31,387","01:11:32,513
", ,STEVE

"01:11:33,889","01:11:36,225
", ,STELLA

"01:11:36,267","01:11:38,644
", ,STEVE

"01:11:42,356","01:11:44,817
", ,STELLA

"01:11:44,900","01:11:46,819
", ,CHARLIE

"01:11:46,902","01:11:50,072
", ,STEVE

"01:11:50,114","01:11:52,783
", ,STEVE

"01:11:52,867","01:11:54,744
",up,STEVE

"01:11:57,455","01:11:59,665
", ,STEVE

"01:12:04,420","01:12:06,088
", ,HALF-EAR

"01:12:17,850","01:12:19,101
", ,SKINNY PETE

"01:12:19,143","01:12:21,938
", ,JOHN BRIDGER

"01:12:21,979","01:12:23,564
", ,HALF-EAR

"01:12:23,648","01:12:24,649
", ,STELLA

"01:12:24,732","01:12:26,400
",way,CHARLIE

"01:12:30,029","01:12:31,030
", ,HANDSOME ROB

"01:12:31,113","01:12:32,198
",on,HANDSOME ROB

"01:12:37,828","01:12:38,788
", ,STEVE

"01:12:38,871","01:12:40,122
", ,LYLE

"01:12:41,916","01:12:43,793
", ,LYLE

"01:12:43,834","01:12:44,835
", ,STELLA

"01:12:44,919","01:12:47,046
", ,CHARLIE

"01:12:47,129","01:12:48,839
", ,MASHKOV

"01:12:48,923","01:12:50,299
", ,CHARLIE

"01:12:50,341","01:12:51,801
", ,CHARLIE

"01:12:51,884","01:12:54,387
", ,HANDSOME ROB

"01:12:54,470","01:12:55,554
", ,HANDSOME ROB

"01:12:55,638","01:12:57,306
",dead,STEVE

"01:12:57,348","01:12:59,100
", ,HALF-EAR

"01:12:59,183","01:13:01,394
",lot gold,MASHKOV

"01:13:01,477","01:13:03,312
", ,STELLA

"01:13:03,396","01:13:05,898
", ,HALF-EAR

"01:13:06,023","01:13:07,566
", ,STEVE

"01:13:07,650","01:13:09,110
", ,STEVE

"01:13:09,193","01:13:11,821
", ,STEVE

"01:13:11,904","01:13:14,365
",out on,RECEPTIONIST

"01:13:14,448","01:13:16,158
",up,STELLA

"01:13:16,242","01:13:17,994
", ,CHARLIE

"01:13:18,077","01:13:22,331
", ,YEVHEN

"01:13:22,373","01:13:24,292
",on,CHARLIE

"01:13:24,375","01:13:27,295
",out,HANDSOME ROB

"01:13:27,378","01:13:30,298
", ,JOHN BRIDGER

"01:13:30,381","01:13:32,675
", ,STEVE

"01:13:32,717","01:13:34,010
",change,RECEPTIONIST

"01:13:34,093","01:13:36,929
", ,JOHN BRIDGER

"01:13:37,054","01:13:38,848
",going,STEVE

"01:13:38,931","01:13:40,891
", ,STEVE

"01:13:40,975","01:13:44,312
", ,JOHN BRIDGER

"01:13:44,395","01:13:45,938
", ,STEVE

"01:13:46,022","01:13:47,356
",get,STELLA

"01:13:47,440","01:13:49,108
", ,DETECTIVE

"01:13:49,191","01:13:51,527
", ,CHARLIE

"01:13:51,569","01:13:53,279
", ,RICHARD

"01:13:53,362","01:13:55,406
", ,STEVE

"01:13:55,489","01:13:56,949
", ,HALF-EAR

"01:13:57,033","01:13:59,368
",money,STEVE

"01:13:59,410","01:14:01,454
", ,CHARLIE

"01:14:01,537","01:14:03,873
",on,DANYA

"01:14:03,956","01:14:05,041
",gold,STELLA

"01:14:05,124","01:14:06,792
", ,RICHARD

"01:14:06,876","01:14:08,794
", ,LYLE

"01:14:08,878","01:14:10,796
",trying,CHARLIE

"01:14:10,880","01:14:13,466
",couple,STELLA

"01:14:13,549","01:14:15,593
", ,YEVHEN

"01:14:15,676","01:14:17,386
", ,STEVE

"01:14:17,470","01:14:18,596
", ,CHARLIE

"01:14:18,679","01:14:19,597
",going,LYLE

"01:14:19,680","01:14:21,724
", ,STEVE

"01:14:25,686","01:14:26,979
", ,STEVE

"01:14:30,358","01:14:31,400
", ,LYLE

"01:14:35,404","01:14:37,406
", ,VALET

"01:15:09,272","01:15:10,356
", ,CHARLIE

"01:15:12,566","01:15:15,319
", ,CHARLIE

"01:15:15,403","01:15:18,114
",considering,CHARLIE

"01:15:18,197","01:15:20,574
",considering,CHARLIE

"01:15:20,658","01:15:21,909
", ,CHARLIE

"01:15:29,166","01:15:34,255
", ,STEVE

"01:15:34,338","01:15:37,758
", ,CHARLIE

"01:15:37,842","01:15:39,802
",on,CHARLIE

"01:15:39,844","01:15:43,431
", ,STEVE

"01:15:46,601","01:15:49,270
",lot,CHARLIE

"01:15:51,355","01:15:53,149
",around,CHARLIE

"01:15:53,190","01:15:54,859
", ,CHARLIE

"01:15:54,942","01:15:57,320
", ,CHARLIE

"01:15:57,361","01:15:58,654
", ,KAREN

"01:15:58,696","01:16:00,615
",having,JOHN BRIDGER

"01:16:00,698","01:16:02,658
", ,CHARLIE

"01:16:05,536","01:16:06,996
", ,LYLE

"01:16:07,038","01:16:09,457
", ,HALF-EAR

"01:16:16,130","01:16:17,340
", ,CHARLIE

"01:16:21,719","01:16:22,678
", ,STEVE

"01:16:22,762","01:16:26,015
",get,STELLA

"01:16:29,101","01:16:30,478
",way,FIRST COP

"01:16:38,444","01:16:39,820
", ,FIRST COP

"01:16:45,409","01:16:47,286
", ,FIRST COP

"01:16:56,003","01:16:57,630
", ,YEVHEN

"01:17:04,136","01:17:07,139
", ,STELLA

"01:17:07,223","01:17:08,391
", ,STEVE

"01:17:11,102","01:17:12,144
", ,LYLE

"01:17:13,437","01:17:14,605
", ,LYLE

"01:17:14,689","01:17:16,148
",security guard,LYLE

"01:17:16,232","01:17:18,401
", ,CHARLIE

"01:17:18,442","01:17:21,070
", ,CHARLIE

"01:17:21,112","01:17:24,907
", ,LYLE

"01:17:24,949","01:17:25,908
", ,LYLE

"01:17:25,950","01:17:29,412
", ,CHARLIE

"01:17:29,453","01:17:31,163
", ,STEVE

"01:17:31,247","01:17:33,291
",gold out,CHARLIE

"01:17:33,374","01:17:34,500
",going,LYLE

"01:17:34,583","01:17:35,793
",going,JOHN BRIDGER

"01:17:35,876","01:17:37,586
",way,STEVE

"01:17:37,628","01:17:39,380
", ,CHARLIE

"01:17:39,463","01:17:40,423
", ,HANDSOME ROB

"01:17:40,464","01:17:41,549
",change,STELLA

"01:17:41,632","01:17:42,591
", ,LYLE

"01:17:42,633","01:17:43,509
",looking way,STEVE

"01:17:43,592","01:17:44,593
", ,CHARLIE

"01:17:44,677","01:17:46,929
", ,STELLA

"01:17:47,013","01:17:48,806
",trying get gold,CHARLIE

"01:17:48,889","01:17:50,099
", ,CHARLIE

"01:17:50,141","01:17:51,475
",going,CHARLIE

"01:17:51,559","01:17:52,476
", ,HANDSOME ROB

"01:17:52,560","01:17:53,686
", ,HANDSOME ROB

"01:17:53,769","01:17:55,438
", ,HANDSOME ROB

"01:17:55,521","01:17:57,773
",out,HANDSOME ROB

"01:17:57,815","01:17:58,816
",set up,CHARLIE

"01:17:58,858","01:18:00,276
", ,CHARLIE

"01:18:00,318","01:18:04,363
", ,CHARLIE

"01:18:04,447","01:18:06,616
", ,CHARLIE

"01:18:06,699","01:18:07,867
", ,HANDSOME ROB

"01:18:07,992","01:18:10,494
", ,HANDSOME ROB

"01:18:10,578","01:18:12,955
", ,CHARLIE

"01:18:19,170","01:18:20,171
", ,STELLA

"01:18:20,254","01:18:21,505
", ,PHILLY STEAK

"01:18:21,589","01:18:22,423
", ,CHARLIE

"01:18:22,506","01:18:23,215
", ,STEVE

"01:18:23,299","01:18:24,967
", ,PHILLY STEAK

"01:18:25,051","01:18:26,010
", ,CHARLIE

"01:18:26,093","01:18:27,011
", ,CHARLIE

"01:18:27,094","01:18:28,095
", ,PHILLY STEAK

"01:18:28,179","01:18:30,848
", ,PHILLY STEAK

"01:18:30,932","01:18:31,974
", ,CHARLIE

"01:18:32,058","01:18:33,225
", ,PHILLY STEAK

"01:18:33,309","01:18:35,227
",gold,PHILLY STEAK

"01:18:35,311","01:18:36,562
", ,HALF-EAR

"01:18:36,646","01:18:37,897
", ,PHILLY STEAK

"01:18:38,022","01:18:39,815
", ,PHILLY STEAK

"01:18:39,857","01:18:41,859
",mess,PHILLY STEAK

"01:18:41,901","01:18:44,445
",or,PHILLY STEAK

"01:18:44,528","01:18:48,115
", ,LYLE

"01:19:14,141","01:19:15,184
", ,HANDSOME ROB

"01:19:15,268","01:19:16,352
", ,STEVE

"01:19:16,435","01:19:17,353
",help,LYLE

"01:19:17,436","01:19:18,521
", ,HALF-EAR

"01:19:18,604","01:19:19,855
", ,HALF-EAR

"01:19:19,939","01:19:20,856
", ,LYLE

"01:19:20,940","01:19:23,192
", ,CHARLIE

"01:19:23,234","01:19:25,611
", ,JOHN BRIDGER

"01:19:25,695","01:19:27,863
", ,CHARLIE

"01:19:27,905","01:19:29,156
", ,CHARLIE

"01:19:31,951","01:19:33,369
", ,LYLE

"01:19:33,411","01:19:34,412
",work,HALF-EAR

"01:19:34,495","01:19:35,955
", ,CHARLIE

"01:19:46,841","01:19:48,217
", ,JOHN BRIDGER

"01:19:48,301","01:19:49,719
",work,HANDSOME ROB

"01:19:49,760","01:19:50,720
", ,HANDSOME ROB

"01:19:59,478","01:20:01,439
", ,CHARLIE

"01:20:01,522","01:20:02,440
", ,STEVE

"01:20:02,523","01:20:03,649
", ,CHARLIE

"01:20:03,733","01:20:06,902
",pin,HALF-EAR

"01:20:06,944","01:20:08,904
", ,HALF-EAR

"01:20:09,071","01:20:11,532
", ,CHARLIE

"01:20:14,410","01:20:16,245
", ,CHARLIE

"01:20:19,290","01:20:20,875
", ,LYLE

"01:20:20,916","01:20:23,919
", ,STELLA

"01:20:24,045","01:20:27,423
", ,JOHN BRIDGER

"01:20:27,465","01:20:29,759
", ,JOHN BRIDGER

"01:20:32,303","01:20:35,431
", ,HANDSOME ROB

"01:20:45,816","01:20:47,610
", ,STELLA

"01:20:47,652","01:20:49,487
", ,STELLA

"01:20:49,570","01:20:51,322
", ,HANDSOME ROB

"01:21:08,297","01:21:09,840
", ,HANDSOME ROB

"01:21:09,924","01:21:10,925
", ,HANDSOME ROB

"01:21:11,008","01:21:13,844
",position,JOHN BRIDGER

"01:21:13,928","01:21:15,429
", ,CHARLIE

"01:21:15,513","01:21:16,722
",position,STELLA

"01:21:16,806","01:21:18,808
", ,JOHN BRIDGER

"01:21:21,894","01:21:23,896
", ,JOHN BRIDGER

"01:21:23,980","01:21:25,648
", ,JOHN BRIDGER

"01:21:41,872","01:21:43,541
", ,STEVE

"01:21:43,624","01:21:46,294
",guard,HANDSOME ROB

"01:21:46,377","01:21:47,336
", ,CHARLIE

"01:21:53,718","01:21:55,428
", ,STELLA

"01:21:55,511","01:21:56,554
", ,CHARLIE

"01:21:56,637","01:21:58,598
", ,RICHARD

"01:21:58,681","01:22:00,725
", ,HANDSOME ROB

"01:22:00,808","01:22:04,353
", ,CHARLIE

"01:22:04,437","01:22:06,188
", ,LYLE

"01:22:06,230","01:22:08,065
", ,LYLE

"01:22:08,149","01:22:09,900
", ,STEVE

"01:22:10,026","01:22:13,279
",gold out,CHARLIE

"01:22:13,362","01:22:15,406
", ,HANDSOME ROB

"01:22:26,751","01:22:28,419
", ,HANDSOME ROB

"01:22:28,502","01:22:30,504
",out,HANDSOME ROB

"01:22:43,142","01:22:44,727
", ,STELLA

"01:22:44,810","01:22:46,437
",out,KAREN

"01:22:46,520","01:22:48,147
", ,KAREN

"01:22:48,230","01:22:51,108
",up,CHARLIE

"01:22:51,192","01:22:53,903
", ,CHARLIE

"01:22:56,948","01:22:59,659
",going,JOHN BRIDGER

"01:22:59,742","01:23:01,911
", ,JOHN BRIDGER

"01:23:12,880","01:23:14,298
", ,LYLE

"01:23:16,801","01:23:18,511
", ,LYLE

"01:23:22,723","01:23:25,601
", ,STELLA

"01:23:34,485","01:23:36,487
",out,LYLE

"01:23:37,989","01:23:39,865
", ,LYLE

"01:23:39,949","01:23:41,158
", ,CHARLIE

"01:23:55,756","01:23:59,719
", ,LYLE

"01:23:59,802","01:24:01,470
", ,CHARLIE

"01:24:03,055","01:24:06,684
",up,STELLA

"01:24:06,767","01:24:08,644
",up,LYLE

"01:24:10,646","01:24:12,565
", ,HALF-EAR

"01:24:14,358","01:24:16,319
", ,HANDSOME ROB

"01:24:17,486","01:24:18,863
", ,HALF-EAR

"01:24:19,947","01:24:21,741
", ,STEVE

"01:24:21,824","01:24:26,203
",way,HALF-EAR

"01:24:33,127","01:24:34,086
", ,HALF-EAR

"01:24:38,591","01:24:41,844
", ,HALF-EAR

"01:24:41,927","01:24:44,680
", ,LYLE

"01:24:52,396","01:24:53,773
", ,CHARLIE

"01:25:00,112","01:25:02,031
", ,DANYA

"01:25:02,073","01:25:03,866
", ,LYLE

"01:25:03,908","01:25:05,701
",out,GUARD

"01:25:05,743","01:25:07,703
", ,CHARLIE

"01:25:07,745","01:25:11,123
",band,HANDSOME ROB

"01:25:11,207","01:25:13,125
",up on,LYLE

"01:25:17,463","01:25:18,881
",get out,GUARD

"01:25:18,923","01:25:20,007
",trying,DRIVER

"01:25:24,887","01:25:27,056
", ,STELLA

"01:25:32,687","01:25:34,397
", ,CHRISTINA GRIEGO

"01:25:34,480","01:25:35,481
", ,CHRISTINA GRIEGO

"01:25:35,564","01:25:38,609
", ,LYLE

"01:25:38,693","01:25:40,903
",up,STELLA

"01:25:40,987","01:25:43,239
", ,CHARLIE

"01:25:51,372","01:25:53,666
", ,LYLE

"01:25:55,626","01:25:57,128
",on,CHARLIE

"01:25:59,297","01:26:00,631
", ,PHILLY STEAK

"01:26:00,715","01:26:02,258
", ,CHARLIE

"01:26:36,834","01:26:38,127
", ,CHARLIE

"01:26:38,210","01:26:40,212
", ,LYLE

"01:26:40,296","01:26:42,298
", ,STELLA

"01:26:42,381","01:26:43,507
", ,STELLA

"01:26:59,690","01:27:00,358
",on,STEVE

"01:27:17,375","01:27:18,250
", ,STEVE

"01:27:22,505","01:27:25,174
",out out,STEVE

"01:27:25,257","01:27:26,217
", ,RICHARD

"01:27:33,808","01:27:35,142
", ,LYLE

"01:27:35,226","01:27:36,352
",or on,STEVE

"01:27:42,316","01:27:43,276
",on on,STELLA

"01:27:44,527","01:27:46,070
",on,CHARLIE

"01:27:53,119","01:27:54,537
", ,CHARLIE

"01:27:54,620","01:27:56,539
", ,JOHN BRIDGER

"01:28:34,952","01:28:36,412
", ,STEVE

"01:28:36,495","01:28:37,913
",position,LYLE

"01:28:37,997","01:28:39,290
", ,LYLE

"01:28:51,344","01:28:52,678
", ,LYLE

"01:28:52,762","01:28:54,805
", ,LYLE

"01:28:54,889","01:28:56,599
", ,LYLE

"01:28:56,682","01:28:58,434
", ,LYLE

"01:28:58,476","01:28:59,810
", ,LYLE

"01:28:59,894","01:29:01,520
", ,LYLE

"01:29:01,604","01:29:03,272
", ,LYLE

"01:29:03,356","01:29:04,106
", ,STELLA

"01:29:04,190","01:29:05,608
", ,LYLE

"01:29:05,691","01:29:07,610
", ,LYLE

"01:29:07,693","01:29:09,362
", ,JOHN BRIDGER

"01:29:30,967","01:29:32,551
", ,SECOND COP

"01:29:38,808","01:29:40,351
", ,RICHARD

"01:29:40,434","01:29:42,937
", ,STELLA

"01:29:47,400","01:29:49,318
", ,LYLE

"01:29:49,360","01:29:50,820
",get,RICHARD

"01:30:01,539","01:30:04,250
", ,BURLY MAN

"01:30:04,333","01:30:05,126
", ,STELLA

"01:30:06,252","01:30:08,087
", ,CHARLIE

"01:30:08,170","01:30:09,005
", ,STELLA

"01:30:10,339","01:30:11,924
",on,CHARLIE

"01:30:13,384","01:30:14,593
", ,PHILLY STEAK

"01:30:14,677","01:30:16,012
", ,HALF-EAR

"01:30:16,095","01:30:17,722
", ,LYLE

"01:30:17,805","01:30:19,932
", ,CHRISTINA GRIEGO

"01:30:20,016","01:30:21,726
", ,STELLA

"01:30:21,809","01:30:23,686
",place,CHARLIE

"01:30:23,728","01:30:24,895
", ,RECEPTIONIST

"01:30:24,979","01:30:26,689
",up,CHARLIE

"01:30:56,010","01:30:59,513
", ,JOHN BRIDGER

"01:31:00,723","01:31:02,600
", ,STELLA

"01:31:02,683","01:31:05,478
", ,HANDSOME ROB

"01:31:05,561","01:31:08,064
", ,CHARLIE

"01:31:10,483","01:31:11,651
",get,STELLA

"01:31:11,734","01:31:13,235
", ,CHARLIE

"01:31:13,319","01:31:15,196
", ,STEVE

"01:31:15,237","01:31:16,238
", ,LYLE

"01:31:16,280","01:31:17,907
", ,LYLE

"01:31:17,990","01:31:19,784
", ,LYLE

"01:31:19,867","01:31:20,910
", ,CHRISTINA GRIEGO

"01:31:20,993","01:31:22,578
",up,HOMEBOY

"01:31:37,301","01:31:39,262
", ,STELLA

"01:31:39,345","01:31:41,347
", ,LYLE

"01:31:41,430","01:31:43,641
", ,LYLE

"01:31:43,724","01:31:46,602
", ,JOHN BRIDGER

"01:31:46,686","01:31:48,437
", ,JOHN BRIDGER

"01:32:21,846","01:32:23,806
", ,LYLE

"01:32:23,848","01:32:24,807
", ,LYLE

"01:32:24,849","01:32:25,933
", ,LYLE

"01:32:26,058","01:32:27,226
", ,HANDSOME ROB

"01:32:27,310","01:32:28,644
", ,STELLA

"01:32:28,728","01:32:30,062
",on,LYLE

"01:32:30,146","01:32:32,315
", ,JOHN BRIDGER

"01:33:27,411","01:33:28,621
", ,JOHN BRIDGER

"01:33:28,704","01:33:29,997
",on on,STELLA

"01:33:36,545","01:33:38,047
", ,STELLA

"01:33:38,130","01:33:41,300
", ,SECOND COP

"01:33:41,384","01:33:42,468
", ,SECOND COP

"01:33:45,763","01:33:47,265
", ,LYLE

"01:33:47,348","01:33:48,266
", ,CHARLIE

"01:33:48,349","01:33:50,351
", ,CHARLIE

"01:33:52,019","01:33:54,438
", ,CHARLIE

"01:33:54,522","01:33:55,690
", ,STELLA

"01:33:55,731","01:33:58,109
", ,STELLA

"01:34:01,570","01:34:03,072
", ,STELLA

"01:34:03,114","01:34:03,864
", ,STELLA

"01:34:04,907","01:34:06,033
", ,STELLA

"01:34:06,117","01:34:07,493
", ,RICHARD

"01:34:07,576","01:34:09,495
",gold,JOHN BRIDGER

"01:34:13,833","01:34:16,877
", ,JOHN BRIDGER

"01:34:16,919","01:34:20,840
", ,JOHN BRIDGER

"01:34:20,923","01:34:23,342
",get on,HALF-EAR

"01:35:00,630","01:35:02,089
", ,STELLA

"01:35:10,222","01:35:11,766
", ,STELLA

"01:35:11,807","01:35:13,267
", ,STEVE

"01:35:13,309","01:35:15,645
", ,STEVE

"01:35:15,686","01:35:17,647
", ,HALF-EAR

"01:35:17,688","01:35:18,856
", ,HALF-EAR

"01:35:42,380","01:35:44,090
",on,HANDSOME ROB

"01:35:47,426","01:35:49,095
", ,LYLE

"01:35:49,178","01:35:50,721
", ,CHARLIE

"01:35:50,805","01:35:52,390
",get,MASHKOV

"01:35:57,395","01:35:58,437
", ,FURIOUS DRIVER

"01:36:02,692","01:36:03,317
", ,FURIOUS DRIVER

"01:36:17,581","01:36:18,457
", ,STELLA

"01:36:27,717","01:36:28,342
", ,STELLA

"01:36:30,428","01:36:30,970
", ,STELLA

"01:36:33,723","01:36:34,307
", ,STELLA

"01:36:39,645","01:36:41,731
",on,CHARLIE

"01:36:46,944","01:36:48,404
", ,RICHARD

"01:36:58,080","01:37:00,708
",on on out,STELLA

"01:37:27,985","01:37:29,612
",on,STELLA

"01:37:36,410","01:37:38,621
",going going,LYLE

"01:37:58,057","01:37:58,933
",going,STEVE

"01:37:58,975","01:38:00,101
", ,STELLA

"01:38:00,142","01:38:01,352
", ,STELLA

"01:38:02,603","01:38:04,146
",on on,CHARLIE

"01:38:12,613","01:38:14,699
",up on,STELLA

"01:38:18,202","01:38:19,870
", ,LYLE

"01:38:21,872","01:38:22,873
", ,CHARLIE

"01:39:22,600","01:39:23,893
", ,STEVE

"01:40:02,306","01:40:03,391
",out,LYLE

"01:40:03,432","01:40:05,268
",out,HANDSOME ROB

"01:40:05,351","01:40:06,894
",get out,HALF-EAR

"01:41:41,697","01:41:42,657
",bunch,CHARLIE

"01:41:42,698","01:41:44,325
", ,CHARLIE

"01:41:44,367","01:41:46,369
", ,STEVE

"01:41:46,452","01:41:48,871
", ,CHARLIE

"01:41:48,913","01:41:51,332
", ,STEVE

"01:41:55,836","01:41:58,214
", ,HALF-EAR

"01:42:02,843","01:42:04,512
",on,LYLE

"01:42:10,268","01:42:12,353
",help,LYLE

"01:42:17,275","01:42:19,402
", ,LYLE

"01:42:19,485","01:42:22,738
", ,JOHN BRIDGER

"01:42:22,780","01:42:25,408
", ,HALF-EAR

"01:42:25,491","01:42:26,701
", ,STEVE

"01:42:26,742","01:42:28,536
", ,YEVHEN

"01:42:28,577","01:42:32,206
",gold,CHARLIE

"01:42:32,248","01:42:33,040
", ,RICHARD

"01:42:33,082","01:42:34,292
", ,STELLA

"01:42:34,375","01:42:36,085
",gold,LYLE

"01:42:50,141","01:42:52,101
", ,STEVE

"01:42:52,143","01:42:53,936
", ,RICHARD

"01:42:54,061","01:42:55,938
", ,DANYA

"01:42:56,063","01:42:57,982
", ,CHARLIE

"01:43:07,450","01:43:09,118
",dead,STEVE

"01:43:09,201","01:43:11,245
", ,DETECTIVE

"01:43:11,287","01:43:12,455
",lot,CHARLIE

"01:43:12,538","01:43:14,206
",trying,CHARLIE

"01:43:14,290","01:43:16,250
", ,STELLA

"01:43:16,334","01:43:18,294
", ,LYLE

"01:43:21,088","01:43:22,632
",lot gold,CHARLIE

"01:43:22,715","01:43:24,258
", ,CHARLIE

"01:43:24,300","01:43:25,718
", ,CHARLIE

"01:43:33,809","01:43:35,645
", ,STELLA

"01:43:40,983","01:43:42,318
", ,CHARLIE

"01:43:42,401","01:43:44,654
",gold,STELLA

"01:43:44,737","01:43:46,906
", ,LYLE

"01:43:51,327","01:43:52,954
", ,LYLE

"01:43:53,037","01:43:54,747
",on,STEVE

"01:43:56,332","01:43:57,458
", ,HANDSOME ROB

"01:44:00,920","01:44:02,171
", ,STEVE

"01:44:02,254","01:44:03,839
", ,STEVE

"01:44:03,923","01:44:04,840
", ,STELLA

"01:44:04,924","01:44:07,093
",going,MASHKOV

"01:44:07,176","01:44:10,137
",going,STEVE

"01:44:10,221","01:44:12,056
", ,STELLA

"01:44:12,139","01:44:13,724
", ,MASHKOV

"01:44:16,644","01:44:17,603
",on,STELLA

"01:44:23,192","01:44:24,235
", ,STELLA

"01:44:24,318","01:44:26,445
", ,CHARLIE

"01:44:26,529","01:44:27,905
", ,CHARLIE

"01:44:27,989","01:44:30,658
", ,CHARLIE

"01:44:30,700","01:44:32,660
",friend,LYLE

"01:44:32,702","01:44:33,744
", ,STEVE

"01:44:38,708","01:44:39,917
", ,CHARLIE

"01:44:40,001","01:44:41,460
",money,STELLA

"01:44:41,544","01:44:43,004
", ,MASHKOV

"01:44:43,087","01:44:44,422
",having,CHARLIE

"01:44:44,505","01:44:46,424
", ,CHARLIE

"01:44:46,507","01:44:48,926
", ,LYLE

"01:44:50,553","01:44:53,472
", ,CHARLIE

"01:44:53,556","01:44:55,766
",break,STEVE

"01:44:58,019","01:45:04,400
", ,YEVHEN

"01:45:04,442","01:45:09,655
",cash,CHARLIE

"01:45:09,739","01:45:11,198
", ,CHARLIE

"01:45:11,282","01:45:14,869
", ,CHARLIE

"01:45:14,952","01:45:17,538
", ,STELLA

"01:45:17,580","01:45:20,583
", ,JOHN BRIDGER

"01:45:20,625","01:45:21,709
", ,JOHN BRIDGER

"01:45:21,751","01:45:24,879
", ,JOHN BRIDGER

"01:45:24,962","01:45:29,091
",get,LYLE

"01:45:29,175","01:45:31,594
", ,LYLE

"01:45:31,636","01:45:36,098
", ,STELLA

"01:45:36,182","01:45:37,266
", ,VALET

"01:45:37,350","01:45:38,726
", ,VALET

"01:45:38,768","01:45:39,894
", ,CHARLIE

"01:45:39,977","01:45:41,938
", ,STEVE

"01:45:42,063","01:45:46,108
", ,STEVE

"01:45:46,192","01:45:47,318
", ,STELLA

"01:45:47,401","01:45:49,612
", ,LYLE

"01:45:49,654","01:45:53,115
", ,STELLA

"01:45:53,199","01:45:54,325
", ,CHARLIE

"01:45:54,408","01:45:55,910
",set,CHARLIE

"01:45:55,993","01:46:01,415
", ,STELLA

"01:46:10,132","01:46:11,884
", ,STELLA

"01:46:11,968","01:46:14,887
", ,CHARLIE

"01:46:14,971","01:46:18,224
", ,STELLA

"01:46:18,307","01:46:19,892
",on,JOHN BRIDGER

"01:47:23,497","01:47:25,875
", ,JOHN BRIDGER

"01:47:25,958","01:47:29,545
", ,JOHN BRIDGER

"01:47:29,629","01:47:36,761
", ,JOHN BRIDGER

"01:47:36,844","01:47:43,100
", ,STELLA

"01:47:43,184","01:47:50,232
", ,STEVE

"01:47:50,316","01:47:55,112
", ,JOHN BRIDGER

"01:47:55,196","01:47:58,616
", ,KAREN

"01:47:58,699","01:48:00,701
", ,KAREN

"01:48:00,785","01:48:01,744
", ,KAREN

"01:48:01,786","01:48:05,206
", ,KAREN

"01:48:05,247","01:48:06,207
", ,KAREN

"01:48:06,248","01:48:08,542
", ,KAREN

"01:48:08,584","01:48:09,543
", ,KAREN

"01:48:09,585","01:48:11,545
", ,KAREN

"01:48:11,587","01:48:12,546
", ,KAREN

"01:48:12,588","01:48:14,548
", ,KAREN

"01:48:14,590","01:48:15,549
", ,KAREN

"01:48:15,591","01:48:17,551
", ,KAREN

"01:48:17,593","01:48:18,552
", ,KAREN

"01:48:18,594","01:48:20,554
", ,KAREN

"01:48:20,596","01:48:21,555
", ,KAREN

"01:48:21,597","01:48:23,557
", ,KAREN

"01:48:23,599","01:48:24,558
", ,KAREN

"01:48:24,600","01:48:26,560
", ,KAREN

"01:48:26,602","01:48:27,561
", ,KAREN

